﻿P1,P2,P3,LINE NO,중복
00QCJ00,BR954,DN50-HC1,00QCJ00-BR954-DN50-HC1,
00GHD50,BR001,DN40-HB4,00GHD50-BR001-DN40-HB4,
00QCJ00,BR001,DN100-HC1,00QCJ00-BR001-DN100-HC1,
00GHD50,BR003,DN40-HB4,00GHD50-BR003-DN40-HB4,
00QCJ00,BR004,DN100-HC1,00QCJ00-BR004-DN100-HC1,중복
00GHD50,BR004,DN40-HB4,00GHD50-BR004-DN40-HB4,
00QCJ00,BR504,DN25-HC1,00QCJ00-BR504-DN25-HC1,중복
00GHD50,BR954,DN40-HB4,00GHD50-BR954-DN40-HB4,
00QCJ00,BR506,DN65-HC1,00QCJ00-BR506-DN65-HC1,
00QCB00,BR504,DN65-HC1,00QCB00-BR504-DN65-HC1,
00QCJ00,BR006,DN50-HC1,00QCJ00-BR006-DN50-HC1,
00QCJ00,BR005,DN50-HC1,00QCJ00-BR005-DN50-HC1,
00QCJ00,BR009,DN25-HC1,00QCJ00-BR009-DN25-HC1,
00QCJ00,BR008,DN25-HC1,00QCJ00-BR008-DN25-HC1,
00QCJ01,BR010,DN25-HC1,00QCJ01-BR010-DN25-HC1,
00QCJ01,BR009,DN25-HC1,00QCJ01-BR009-DN25-HC1,
00QCJ00,BR504,DN25-HC1,00QCJ00-BR504-DN25-HC1,중복
00QCJ00,BR505,DN25-HC1,00QCJ00-BR505-DN25-HC1,
00QCJ00,BR401,DN50-HC1,00QCJ00-BR401-DN50-HC1,중복
00QCJ00,BR007,DN25-HC1,00QCJ00-BR007-DN25-HC1,
00QFB50,BR001,DN25-HC3,00QFB50-BR001-DN25-HC3,
00QFB50,BR002,DN15-HC3,00QFB50-BR002-DN15-HC3,
00QFB50,BR003,DN15-HC3,00QFB50-BR003-DN15-HC3,
00QFB50,BR004,DN15-HC3,00QFB50-BR004-DN15-HC3,
00QFB50,BR005,DN15-HC3,00QFB50-BR005-DN15-HC3,
00QFB50,BR006,DN15-HC3,00QFB50-BR006-DN15-HC3,
00QFB50,BR007,DN15-HC3,00QFB50-BR007-DN15-HC3,
00QFB50,BR008,DN15-HC3,00QFB50-BR008-DN15-HC3,
00QFB50,BR009,DN15-HC3,00QFB50-BR009-DN15-HC3,
00QFB50,BR010,DN15-HC3,00QFB50-BR010-DN15-HC3,
00QCJ00,BR004,DN100-HC1,00QCJ00-BR004-DN100-HC1,중복
00QCJ00,BR401,DN50-HC1,00QCJ00-BR401-DN50-HC1,중복
00QCJ00,BR403,DN80-HC1,00QCJ00-BR403-DN80-HC1,
00QCJ00,BR405,DN15-HC1,00QCJ00-BR405-DN15-HC1,
00QCJ00,BR404,DN25-HC1,00QCJ00-BR404-DN25-HC1,
00QCJ00,BR402,DN80-HC1,00QCJ00-BR402-DN80-HC1,
00QCJ00,BR003,DN100-HC1,00QCJ00-BR003-DN100-HC1,중복
00QCJ00,BR003,DN100-HC1,00QCJ00-BR003-DN100-HC1,중복
00QCJ00,BR951,DN50-HC1,00QCJ00-BR951-DN50-HC1,
00QCJ00,BR952,DN50-HC1,00QCJ00-BR952-DN50-HC1,
00QCJ01,BR008,DN25-HC1,00QCJ01-BR008-DN25-HC1,
00GKC00,BR002,DN25,00GKC00-BR002-DN25,
00GKC00,BR001,DN25-HC3,00GKC00-BR001-DN25-HC3,
00GHD50,BR004,DN25-HB4,00GHD50-BR004-DN25-HB4,
00GKC01,BR003,DN25-HC3,00GKC01-BR003-DN25-HC3,
00GKC01,BR004,DN25-HC3,00GKC01-BR004-DN25-HC3,
00QCJ00,BR002,DN100-HC1,00QCJ00-BR002-DN100-HC1,
21,BR002,DN25-HC1,21-BR002-DN25-HC1,중복
22,BR002,DN25-HC1,22-BR002-DN25-HC1,중복
11,BR002,DN25-HC1,11-BR002-DN25-HC1,
22QCJ01,BR002,DN25-HC1,22QCJ01-BR002-DN25-HC1,
22QCJ12,BR002,DN25-HC1,22QCJ12-BR002-DN25-HC1,
22QCJ01,BR501,DN25-HC1,22QCJ01-BR501-DN25-HC1,
22QCJ12,BR901,DN15-HC1,22QCJ12-BR901-DN15-HC1,
22QCJ11,BR901,DN15-HC1,22QCJ11-BR901-DN15-HC1,
22QCJ11,BR001,DN25-HC1,22QCJ11-BR001-DN25-HC1,
22QCJ12,BR001,DN25-HC1,22QCJ12-BR001-DN25-HC1,
22QCJ01,BR001,DN25-HC1,22QCJ01-BR001-DN25-HC1,
21QCJ01,BR002,DN25-HC1,21QCJ01-BR002-DN25-HC1,
21QCJ12,BR002,DN25-HC1,21QCJ12-BR002-DN25-HC1,
21QCJ11,BR002,DN25-HC1,21QCJ11-BR002-DN25-HC1,
21QCJ11,BR901,DN15-HC1,21QCJ11-BR901-DN15-HC1,
21QCJ11,BR001,DN25-HC1,21QCJ11-BR001-DN25-HC1,
21QCJ12,BR001,DN25-HC1,21QCJ12-BR001-DN25-HC1,
21QCJ01,BR001,DN25-HC1,21QCJ01-BR001-DN25-HC1,
11QCJ01,BR502,DN25-HC1,11QCJ01-BR502-DN25-HC1,
11QCJ12,BR002,DN25-HC1,11QCJ12-BR002-DN25-HC1,
11QCJ11,BR002,DN25-HC1,11QCJ11-BR002-DN25-HC1,
11QCJ11,BR901,DN15-HC1,11QCJ11-BR901-DN15-HC1,
11QCJ11,BR001,DN25-HC1,11QCJ11-BR001-DN25-HC1,
11QCJ12,BR001,DN25-HC1,11QCJ12-BR001-DN25-HC1,
11QCJ01,BR001,DN25-HC1,11QCJ01-BR001-DN25-HC1,
22QCJ01,BR503,DN15-HC1,22QCJ01-BR503-DN15-HC1,
22QCJ00,BR503,DN50-HC1,22QCJ00-BR503-DN50-HC1,
22QCJ01,BR502,DN25-HC1,22QCJ01-BR502-DN25-HC1,
22QCJ11,BR002,DN25-HC1,22QCJ11-BR002-DN25-HC1,
22QCJ12,BR503,DN15-HC1,22QCJ12-BR503-DN15-HC1,
22QCJ11,BR503,DN15-HC1,22QCJ11-BR503-DN15-HC1,
21QCJ12,BR901,DN15-HC1,21QCJ12-BR901-DN15-HC1,
21QCJ11,BR503,DN15-HC1,21QCJ11-BR503-DN15-HC1,
21QCJ01,BR503,DN15-HC1,21QCJ01-BR503-DN15-HC1,
21QCJ12,BR503,DN15-HC1,21QCJ12-BR503-DN15-HC1,
21QCJ01,BR501,DN25-HC1,21QCJ01-BR501-DN25-HC1,
11QCJ01,BR503,DN15-HC1,11QCJ01-BR503-DN15-HC1,
11QCJ12,BR503,DN15-HC1,11QCJ12-BR503-DN15-HC1,
11QCJ12,BR901,DN15-HC1,11QCJ12-BR901-DN15-HC1,
11QCJ11,BR503,DN15-HC1,11QCJ11-BR503-DN15-HC1,
11QCJ01,BR501,DN25-HC1,11QCJ01-BR501-DN25-HC1,
11QCJ01,BR002,DN25-HC1,11QCJ01-BR002-DN25-HC1,
21QCJ01,BR502,DN25-HC1,21QCJ01-BR502-DN25-HC1,
22,BR002,DN25-HC1,22-BR002-DN25-HC1,중복
21,BR002,DN25-HC1,21-BR002-DN25-HC1,중복
11QFB50,BR001,DN15-HC3,11QFB50-BR001-DN15-HC3,
11MBR00,BR001,DN500-HB6,11MBR00-BR001-DN500-HB6,중복
11MBR00,BR002,DN500-HB6,11MBR00-BR002-DN500-HB6,
11QFB50,BR006,DN15-HC3,11QFB50-BR006-DN15-HC3,
11QFB50,BR005,DN15-HC3,11QFB50-BR005-DN15-HC3,
11QFB50,BR003,DN25-HC3,11QFB50-BR003-DN25-HC3,
11QCJ00,BR001,DN25-HC1,11QCJ00-BR001-DN25-HC1,
11QEB50,BR001,DN20-HC3,11QEB50-BR001-DN20-HC3,
11QCJ00,BR002,DN20-HC1,11QCJ00-BR002-DN20-HC1,
11QEB50,BR002,DN20-HC3,11QEB50-BR002-DN20-HC3,
11QCJ00,BR003,DN20-HC1,11QCJ00-BR003-DN20-HC1,
11QEB50,BR003,DN20-HC3,11QEB50-BR003-DN20-HC3,
11MBR02,BR001,DN500-HB6,11MBR02-BR001-DN500-HB6,중복
11MBR01,BR001,DN500-HB6,11MBR01-BR001-DN500-HB6,중복
11MBR02,BR002,DN500-HB6,11MBR02-BR002-DN500-HB6,중복
11PGB41,BR005,DN25-HB4,11PGB41-BR005-DN25-HB4,
11QCJ00,BR004,DN500-HC1,11QCJ00-BR004-DN500-HC1,중복
11MBR00,BR001,DN500-HB6,11MBR00-BR001-DN500-HB6,중복
11MBR02,BR011,DN25-HB4,11MBR02-BR011-DN25-HB4,
11MBR02,BR001,DN500-HB6,11MBR02-BR001-DN500-HB6,중복
11MBR01,BR001,DN500-HB6,11MBR01-BR001-DN500-HB6,중복
11MBR01,BR005,DN25-HB4,11MBR01-BR005-DN25-HB4,
11GHD50,BR001,DN25-HB4,11GHD50-BR001-DN25-HB4,
11MBR02,BR002,DN500-HB6,11MBR02-BR002-DN500-HB6,중복
11PGB41,BR011,DN25-HB4,11PGB41-BR011-DN25-HB4,
11GKC00,BR001,DN25-HC3,11GKC00-BR001-DN25-HC3,중복
11GKC00,BR001,DN25-HC3,11GKC00-BR001-DN25-HC3,중복
11QFB50,BR004,DN15-HC3,11QFB50-BR004-DN15-HC3,
11QFB50,BR002,DN15-HC3,11QFB50-BR002-DN15-HC3,
11PGB41,BR010,DN25-HB4,11PGB41-BR010-DN25-HB4,
11PGB41,BR007,DN40-HB4,11PGB41-BR007-DN40-HB4,
11PGB41,BR001,DN40-HB4,11PGB41-BR001-DN40-HB4,
11PGB41,BR004,DN25-HB4,11PGB41-BR004-DN25-HB4,
11PGB41,BR006,DN40-HB4,11PGB41-BR006-DN40-HB4,
11PGB41,BR012,DN40-HB4,11PGB41-BR012-DN40-HB4,
11,BR005,DN150-HC1,11-BR005-DN150-HC1,
11QCJ00,BR004,DN500-HC1,11QCJ00-BR004-DN500-HC1,중복
11QCJ00,BR005,DN150-HC1,11QCJ00-BR005-DN150-HC1,중복
11QCJ11,BR001,DN150-HC1,11QCJ11-BR001-DN150-HC1,
11QCJ00,BR001,DN150-HC1,11QCJ00-BR001-DN150-HC1,
11QCJ00,BR002,DN150-HC1,11QCJ00-BR002-DN150-HC1,
11QCJ00,BR003,DN150-HC1,11QCJ00-BR003-DN150-HC1,
11QCJ00,BR004,DN150-HC1,11QCJ00-BR004-DN150-HC1,
11QCJ00,BR005,DN150-HC1,11QCJ00-BR005-DN150-HC1,중복
11QCJ00,BR006,DN150-HC1,11QCJ00-BR006-DN150-HC1,
11QCJ00,BR007,DN150-HC1,11QCJ00-BR007-DN150-HC1,
11QCJ00,BR008,DN150-HC1,11QCJ00-BR008-DN150-HC1,
11QCJ00,BR009,DN150-HC1,11QCJ00-BR009-DN150-HC1,
11QCJ00,BR010,DN150-HC1,11QCJ00-BR010-DN150-HC1,
11QCJ11,BR002,DN150-HC1,11QCJ11-BR002-DN150-HC1,
11QCJ11,BR003,DN150-HC1,11QCJ11-BR003-DN150-HC1,
11QCJ11,BR004,DN150-HC1,11QCJ11-BR004-DN150-HC1,
11QCJ11,BR005,DN150-HC1,11QCJ11-BR005-DN150-HC1,
11QCJ11,BR006,DN150-HC1,11QCJ11-BR006-DN150-HC1,
11QCJ11,BR007,DN150-HC1,11QCJ11-BR007-DN150-HC1,
11QCJ11,BR008,DN150-HC1,11QCJ11-BR008-DN150-HC1,
11QCJ11,BR009,DN150-HC1,11QCJ11-BR009-DN150-HC1,
11QCJ11,BR010,DN150-HC1,11QCJ11-BR010-DN150-HC1,
