﻿P1,P2,P3,LINE NO,중복
21QFB50,BR001,DN15-HC3,21QFB50-BR001-DN15-HC3,
21MBR00,BR001,DN500-HB6,21MBR00-BR001-DN500-HB6,
21MBR00,BR002,DN500-HB6,21MBR00-BR002-DN500-HB6,
21QFB50,BR006,DN15-HC3,21QFB50-BR006-DN15-HC3,
21QFB50,BR005,DN15-HC3,21QFB50-BR005-DN15-HC3,
21QFB50,BR003,DN25-HC3,21QFB50-BR003-DN25-HC3,
21QCJ00,BR001,DN25-HC1,21QCJ00-BR001-DN25-HC1,
21QEB50,BR001,DN20-HC3,21QEB50-BR001-DN20-HC3,
21QCJ00,BR002,DN20-HC1,21QCJ00-BR002-DN20-HC1,
21QEB50,BR002,DN20-HC3,21QEB50-BR002-DN20-HC3,
21QCJ00,BR003,DN20-HC1,21QCJ00-BR003-DN20-HC1,
21QEB50,BR003,DN20-HC3,21QEB50-BR003-DN20-HC3,
21MBR02,BR001,DN500-HB6,21MBR02-BR001-DN500-HB6,중복
21MBR01,BR001,DN500-HB6,21MBR01-BR001-DN500-HB6,중복
21MBR02,BR002,DN500-HB6,21MBR02-BR002-DN500-HB6,중복
21PGB41,BR005,DN25-HB4,21PGB41-BR005-DN25-HB4,
21QCJ00,BR004,DN500-HC1,21QCJ00-BR004-DN500-HC1,중복
11MBR00,BR001,DN500-HB6,11MBR00-BR001-DN500-HB6,
21MBR02,BR011,DN25-HB4,21MBR02-BR011-DN25-HB4,
21MBR02,BR001,DN500-HB6,21MBR02-BR001-DN500-HB6,중복
21MBR01,BR001,DN500-HB6,21MBR01-BR001-DN500-HB6,중복
21MBR01,BR005,DN25-HB4,21MBR01-BR005-DN25-HB4,
21GHD50,BR001,DN25-HB4,21GHD50-BR001-DN25-HB4,
21MBR02,BR002,DN500-HB6,21MBR02-BR002-DN500-HB6,중복
21PGB41,BR011,DN25-HB4,21PGB41-BR011-DN25-HB4,
21GKC00,BR001,DN25-HC3,21GKC00-BR001-DN25-HC3,중복
21GKC00,BR001,DN25-HC3,21GKC00-BR001-DN25-HC3,중복
21QFB50,BR004,DN15-HC3,21QFB50-BR004-DN15-HC3,
21QFB50,BR002,DN15-HC3,21QFB50-BR002-DN15-HC3,
21PGB41,BR010,DN25-HB4,21PGB41-BR010-DN25-HB4,
21PGB41,BR007,DN40-HB4,21PGB41-BR007-DN40-HB4,
21PGB41,BR001,DN40-HB4,21PGB41-BR001-DN40-HB4,
21PGB41,BR004,DN25-HB4,21PGB41-BR004-DN25-HB4,
21PGB41,BR006,DN40-HB4,21PGB41-BR006-DN40-HB4,
21PGB41,BR012,DN40-HB4,21PGB41-BR012-DN40-HB4,
11,BR005,DN150-HC1,11-BR005-DN150-HC1,
21QCJ00,BR004,DN500-HC1,21QCJ00-BR004-DN500-HC1,중복
21QCJ00,BR005,DN150-HC1,21QCJ00-BR005-DN150-HC1,중복
21QCJ11,BR001,DN150-HC1,21QCJ11-BR001-DN150-HC1,
21QCJ00,BR001,DN150-HC1,21QCJ00-BR001-DN150-HC1,
21QCJ00,BR002,DN150-HC1,21QCJ00-BR002-DN150-HC1,
21QCJ00,BR003,DN150-HC1,21QCJ00-BR003-DN150-HC1,
21QCJ00,BR004,DN150-HC1,21QCJ00-BR004-DN150-HC1,
21QCJ00,BR005,DN150-HC1,21QCJ00-BR005-DN150-HC1,중복
21QCJ00,BR006,DN150-HC1,21QCJ00-BR006-DN150-HC1,
21QCJ00,BR007,DN150-HC1,21QCJ00-BR007-DN150-HC1,
21QCJ00,BR008,DN150-HC1,21QCJ00-BR008-DN150-HC1,
21QCJ00,BR009,DN150-HC1,21QCJ00-BR009-DN150-HC1,
21QCJ00,BR010,DN150-HC1,21QCJ00-BR010-DN150-HC1,
21QCJ11,BR002,DN150-HC1,21QCJ11-BR002-DN150-HC1,
21QCJ11,BR003,DN150-HC1,21QCJ11-BR003-DN150-HC1,
21QCJ11,BR004,DN150-HC1,21QCJ11-BR004-DN150-HC1,
21QCJ11,BR005,DN150-HC1,21QCJ11-BR005-DN150-HC1,
21QCJ11,BR006,DN150-HC1,21QCJ11-BR006-DN150-HC1,
21QCJ11,BR007,DN150-HC1,21QCJ11-BR007-DN150-HC1,
21QCJ11,BR008,DN150-HC1,21QCJ11-BR008-DN150-HC1,
21QCJ11,BR009,DN150-HC1,21QCJ11-BR009-DN150-HC1,
21QCJ11,BR010,DN150-HC1,21QCJ11-BR010-DN150-HC1,
