﻿P1,P2,VALVE NO,중복
00QFB50,AA002,00QFB50-AA002,
00QFB50,AA003,00QFB50-AA003,중복
00QFB50,AA004,00QFB50-AA004,
00QFB50,AA005,00QFB50-AA005,
00QFB50,AA006,00QFB50-AA006,
00QFB50,AA007,00QFB50-AA007,
00QFB50,AA008,00QFB50-AA008,
00QFB50,AA009,00QFB50-AA009,
00QFB50,AA010,00QFB50-AA010,
00GHD50,AA701,00GHD50-AA701,
00GHD50,AA001,00GHD50-AA001,
00QCJ00,AA904,00QCJ00-AA904,중복
00QCJ00,AA904,00QCJ00-AA904,중복
00QCJ00,AA008,00QCJ00-AA008,
00QCJ00,AA009,00QCJ00-AA009,
00QCJ00,AA707,00QCJ00-AA707,
00QCJ00,AA903,00QCJ00-AA903,중복
00QCJ00,AA903,00QCJ00-AA903,중복
00QCJ00,AA017,00QCJ00-AA017,
00QCJ00,AA018,00QCJ00-AA018,
00QCJ00,AA020,00QCJ00-AA020,
00QCJ00,AA019,00QCJ00-AA019,
00QCJ00,AA023,00QCJ00-AA023,
00QCJ00,AA024,00QCJ00-AA024,
00QCJ00,AA022,00QCJ00-AA022,
00QCJ00,AA709,00QCJ00-AA709,
00QCJ00,AA708,00QCJ00-AA708,
00QCJ00,AA9144,00QCJ00-AA9144,
00QCJ00,AA021,00QCJ00-AA021,
00QCJ00,AA918,00QCJ00-AA918,
00QCJ00,AA951,00QCJ00-AA951,중복
00QCJ00,AA902,00QCJ00-AA902,
00QCJ00,AA002,00QCJ00-AA002,
00QCB00,AA702,00QCB00-AA702,
00QCJ01,AA001,00QCJ01-AA001,
00QCJ02,AA001,00QCJ02-AA001,
00QCJ01,AA902,00QCJ01-AA902,
00QCJ01,AA003,00QCJ01-AA003,
00QCJ01,AA002,00QCJ01-AA002,
00QCJ02,AA902,00QCJ02-AA902,
00QCJ02,AA003,00QCJ02-AA003,
00QCJ02,AA002,00QCJ02-AA002,
00QCJ00,AA005,00QCJ00-AA005,
00QCJ00,AA007,00QCJ00-AA007,
00QCJ00,AA006,00QCJ00-AA006,
00GHD50,AA902,00GHD50-AA902,
00GHD50,AA003,00GHD50-AA003,
00GHD50,AA005,00GHD50-AA005,
00GHD50,AA004,00GHD50-AA004,
00GHD50,AA007,00GHD50-AA007,
00GHD50,AA009,00GHD50-AA009,
00GHD50,AA008,00GHD50-AA008,
00QCJ00,AA010,00QCJ00-AA010,
00QCJ00,AA011,00QCJ00-AA011,
00QCJ00,AA012,00QCJ00-AA012,
00QCJ00,AA951,00QCJ00-AA951,중복
00QCJ00,AA952,00QCJ00-AA952,
00QCJ00,AA953,00QCJ00-AA953,
00QCJ00,AA014,00QCJ00-AA014,
00QCJ00,AA015,00QCJ00-AA015,
00QCJ00,AA013,00QCJ00-AA013,
00QCJ00,AA954,00QCJ00-AA954,
00QCJ00,AA955,00QCJ00-AA955,
00QCJ00,AA956,00QCJ00-AA956,
00QCJ00,AA025,00QCJ00-AA025,
00QCJ00,AA026,00QCJ00-AA026,
00QCJ00,AA703,00QCJ00-AA703,
00QCJ00,AA909,00QCJ00-AA909,
00QCJ00,AA704,00QCJ00-AA704,
00QCJ00,AA911,00QCJ00-AA911,
00QCJ00,AA027,00QCJ00-AA027,
00QCJ00,AA705,00QCJ00-AA705,
00QCJ00,AA913,00QCJ00-AA913,
00QCJ00,AA915,00QCJ00-AA915,
00GHD50,AA011,00GHD50-AA011,중복
00GHD50,AA014,00GHD50-AA014,
00GHD50,AA012,00GHD50-AA012,중복
00QCJ00,AA004,00QCJ00-AA004,
00QCJ01,AA901,00QCJ01-AA901,
00QCJ02,AA901,00QCJ02-AA901,
00QCJ00,AA901,00QCJ00-AA901,
00QCJ00,AA003,00QCJ00-AA003,
00QCJ00,AA001,00QCJ00-AA001,중복
00QCJ00,AA908,00QCJ00-AA908,
00QCJ00,AA910,00QCJ00-AA910,
00QCJ00,AA912,00QCJ00-AA912,
00QCJ00,AA028,00QCJ00-AA028,
00QCJ00,AA029,00QCJ00-AA029,
00QCJ00,AA030,00QCJ00-AA030,
00QCJ00,AA916,00QCJ00-AA916,
00QCJ00,AA917,00QCJ00-AA917,
00QFB50,AA003,00QFB50-AA003,중복
00QCJ00,AA701,00QCJ00-AA701,
00QCJ00,AA702,00QCJ00-AA702,
00GKC01,AA702,00GKC01-AA702,
00GHD50,AA011,00GHD50-AA011,중복
00GHD50,AA010,00GHD50-AA010,
00GHD50,AA012,00GHD50-AA012,중복
00QCJ00,AA706,00QCJ00-AA706,
00QCJ00,AA001,00QCJ00-AA001,중복
00QCJ00,AA001,00QCJ00-AA001,중복
00GKC01,AA001,00GKC01-AA001,
00GKC00,AA001,00GKC00-AA001,
22,AA703,22-AA703,중복
22,AA703,22-AA703,중복
11,AA703,11-AA703,중복
11,AA703,11-AA703,중복
22QCJ12,AA704,22QCJ12-AA704,
22QCJ12,AA703,22QCJ12-AA703,
22QCJ12,AA702,22QCJ12-AA702,중복
22QCJ12,AA001,22QCJ12-AA001,
22QCJ11,AA001,22QCJ11-AA001,
22QCJ11,AA702,22QCJ11-AA702,중복
22QCJ11,AA703,22QCJ11-AA703,중복
22QCJ11,AA703,22QCJ11-AA703,중복
22QCJ11,AA704,22QCJ11-AA704,중복
21QCJ12,AA703,21QCJ12-AA703,중복
21QCJ12,AA704,21QCJ12-AA704,중복
22QCJ11,AA704,22QCJ11-AA704,중복
22QCJ11,AA002,22QCJ11-AA002,
22QCJ11,AA003,22QCJ11-AA003,
22QCJ12,AA002,22QCJ12-AA002,
22QCJ12,AA003,22QCJ12-AA003,
22QCJ12,AA901,22QCJ12-AA901,
22QCJ11,AA901,22QCJ11-AA901,
22QCJ01,AA001,22QCJ01-AA001,
22QCJ01,AA002,22QCJ01-AA002,
22QCJ01,AA003,22QCJ01-AA003,
22QCJ01,AA702,22QCJ01-AA702,
22QCJ01,AA703,22QCJ01-AA703,
21QCJ12,AA901,21QCJ12-AA901,
21QCJ12,AA704,21QCJ12-AA704,중복
21QCJ11,AA704,21QCJ11-AA704,중복
21QCJ12,AA001,21QCJ12-AA001,
21QCJ11,AA001,21QCJ11-AA001,
21QCJ12,AA702,21QCJ12-AA702,중복
21QCJ11,AA702,21QCJ11-AA702,중복
21QCJ12,AA703,21QCJ12-AA703,중복
21QCJ11,AA703,21QCJ11-AA703,중복
21QCJ12,AA704,21QCJ12-AA704,중복
21QCJ11,AA704,21QCJ11-AA704,중복
21,AA703,21-AA703,중복
21,AA703,21-AA703,중복
21QCJ12,AA002,21QCJ12-AA002,
21QCJ12,AA003,21QCJ12-AA003,
21QCJ11,AA002,21QCJ11-AA002,
21QCJ11,AA003,21QCJ11-AA003,
21QCJ01,AA001,21QCJ01-AA001,
21QCJ01,AA002,21QCJ01-AA002,
21QCJ01,AA003,21QCJ01-AA003,
21QCJ01,AA702,21QCJ01-AA702,
21QCJ01,AA703,21QCJ01-AA703,
11QCJ12,AA704,11QCJ12-AA704,
11QCJ11,AA704,11QCJ11-AA704,중복
11QCJ12,AA703,11QCJ12-AA703,
11QCJ11,AA703,11QCJ11-AA703,중복
11QCJ12,AA001,11QCJ12-AA001,
11QCJ12,AA702,11QCJ12-AA702,중복
11QCJ11,AA001,11QCJ11-AA001,중복
11QCJ11,AA702,11QCJ11-AA702,중복
11QCJ12,AA901,11QCJ12-AA901,
11QCJ12,AA002,11QCJ12-AA002,
11QCJ12,AA003,11QCJ12-AA003,
11QCJ11,AA002,11QCJ11-AA002,중복
11QCJ11,AA003,11QCJ11-AA003,중복
11QCJ01,AA001,11QCJ01-AA001,
11QCJ01,AA002,11QCJ01-AA002,
11QCJ01,AA003,11QCJ01-AA003,
11QCJ01,AA702,11QCJ01-AA702,
11QCJ01,AA703,11QCJ01-AA703,
11,AA703,11-AA703,중복
22QCJ12,AA701,22QCJ12-AA701,
22QCJ12,AA702,22QCJ12-AA702,중복
22QCJ11,AA701,22QCJ11-AA701,
22QCJ11,AA702,22QCJ11-AA702,중복
21QCJ12,AA701,21QCJ12-AA701,
21QCJ12,AA702,21QCJ12-AA702,중복
21QCJ11,AA701,21QCJ11-AA701,
21QCJ11,AA702,21QCJ11-AA702,중복
21QCJ12,AA703,21QCJ12-AA703,중복
21QCJ11,AA703,21QCJ11-AA703,중복
11QCJ12,AA701,11QCJ12-AA701,
11QCJ12,AA702,11QCJ12-AA702,중복
11QCJ11,AA701,11QCJ11-AA701,중복
11QCJ11,AA702,11QCJ11-AA702,중복
11QCJ11,AA901,11QCJ11-AA901,
21QCJ11,AA901,21QCJ11-AA901,
11,AA005,11-AA005,
11,AA901,11-AA901,
11,AA001,11-AA001,
11QEB50,AA001,11QEB50-AA001,
11QEB50,AA701,11QEB50-AA701,
11QFB50,AA702,11QFB50-AA702,
11QEB50,AA901,11QEB50-AA901,
11QEB50,AA002,11QEB50-AA002,
11QEB50,AA004,11QEB50-AA004,
11QEB50,AA003,11QEB50-AA003,
11QEB50,AA005,11QEB50-AA005,
11QEB50,AA007,11QEB50-AA007,
11QEB50,AA006,11QEB50-AA006,
11QEB50,AA702,11QEB50-AA702,
11QEB50,AA703,11QEB50-AA703,
11MBR00,AA902,11MBR00-AA902,
11QEB50,AA008,11QEB50-AA008,
11QEB50,AA009,11QEB50-AA009,중복
11QEB50,AA009,11QEB50-AA009,중복
11QCJ00,AA013,11QCJ00-AA013,
11QCJ00,AA014,11QCJ00-AA014,
11QCJB00,AA014,11QCJB00-AA014,
11QCJ00,AA702,11QCJ00-AA702,
11QCJ00,AA905,11QCJ00-AA905,
11QCJ00,AA012,11QCJ00-AA012,
11QCJ00,AA010,11QCJ00-AA010,
11QCJ00,AA011,11QCJ00-AA011,
11QCJ00,AA007,11QCJ00-AA007,
11QCJ00,AA009,11QCJ00-AA009,
11QCJ00,AA008,11QCJ00-AA008,
11QCJ00,AA002,11QCJ00-AA002,
11QCJ00,AA004,11QCJ00-AA004,중복
11QCJ00,AA003,11QCJ00-AA003,
11QCJ00,AA701,11QCJ00-AA701,
11QCJ00,AA001,11QCJ00-AA001,중복
11QFB50,AA001,11QFB50-AA001,
11QFB50,AA004,11QFB50-AA004,
11QFB50,AA005,11QFB50-AA005,
11QFB50,AA006,11QFB50-AA006,
11QFB50,AA007,11QFB50-AA007,
11QFB50,AA008,11QFB50-AA008,
11MBR00,AA901,11MBR00-AA901,
11PGB41,AA031,11PGB41-AA031,
11PGB41,AA032,11PGB41-AA032,
11MBR00,AA702,11MBR00-AA702,
11MBR00,AA701,11MBR00-AA701,
11PGB41,AA029,11PGB41-AA029,
11PGB41,AA028,11PGB41-AA028,
11PGB41,AA907,11PGB41-AA907,중복
11QCJ00,AA004,11QCJ00-AA004,중복
11QCJ00,AA004,11QCJ00-AA004,중복
11GHD50,AA002,11GHD50-AA002,
11GHD50,AA004,11GHD50-AA004,
11GHD50,AA003,11GHD50-AA003,
11MBR00,AA704,11MBR00-AA704,
11PGB41,AA703,11PGB41-AA703,
11PGB41,AA909,11PGB41-AA909,중복
11QCJ00,AA904,11QCJ00-AA904,
11GHD50,AA001,11GHD50-AA001,
11QCJ00,AA005,11QCJ00-AA005,
11QCJ00,AA006,11QCJ00-AA006,
11QCJ00,AA001,11QCJ00-AA001,중복
11GKC00,AA702,11GKC00-AA702,
11QFB50,AA002,11QFB50-AA002,
11QFB50,AA003,11QFB50-AA003,
11PGB41,AA908,11PGB41-AA908,중복
11GKC00,AA001,11GKC00-AA001,
11PGB41,AA030,11PGB41-AA030,
11PGB41,AA906,11PGB41-AA906,중복
11PGB41,AA027,11PGB41-AA027,
11PGB41,AA908,11PGB41-AA908,중복
11PGB41,AA909,11PGB41-AA909,중복
11PGB41,AA907,11PGB41-AA907,중복
11PGB41,AA906,11PGB41-AA906,중복
11PGB41,AA702,11PGB41-AA702,중복
11PGB41,AA702,11PGB41-AA702,중복
11PGB41,AA026,11PGB41-AA026,
11QCJ11,AA001,11QCJ11-AA001,중복
11QCJ11,AA701,11QCJ11-AA701,중복
11QCJ11,AA702,11QCJ11-AA702,중복
11QCJ11,AA002,11QCJ11-AA002,중복
11QCJ11,AA003,11QCJ11-AA003,중복
11QCJ11,AA004,11QCJ11-AA004,
11QCJ11,AA005,11QCJ11-AA005,
11QCJ11,AA006,11QCJ11-AA006,
11QCJ11,AA007,11QCJ11-AA007,
11QCJ11,AA008,11QCJ11-AA008,
11QCJ11,AA009,11QCJ11-AA009,
11QCJ11,AA010,11QCJ11-AA010,
11QCJ00,AA703,11QCJ00-AA703,
11QCJ11,AA703,11QCJ11-AA703,중복
11QCJ11,AA704,11QCJ11-AA704,중복
11QCJ11,AA705,11QCJ11-AA705,
11QCJ11,AA706,11QCJ11-AA706,
11QCJ11,AA707,11QCJ11-AA707,
11QCJ11,AA708,11QCJ11-AA708,
11QCJ11,AA709,11QCJ11-AA709,
11QCJ11,AA310,11QCJ11-AA310,
11QCJ11,AA311,11QCJ11-AA311,
11QCJ11,AA312,11QCJ11-AA312,
11QCJ11,AA313,11QCJ11-AA313,
11QCJ11,AA314,11QCJ11-AA314,
11QCJ11,AA315,11QCJ11-AA315,
11QCJ11,AA316,11QCJ11-AA316,
11QCJ11,AA317,11QCJ11-AA317,
11QCJ11,AA318,11QCJ11-AA318,
11QCJ11,AA319,11QCJ11-AA319,
11QCJ11,AA320,11QCJ11-AA320,
