﻿P1,P2,VALVE NO,중복
21,AA005,21-AA005,
21,AA901,21-AA901,
21,AA001,21-AA001,
21QEB50,AA001,21QEB50-AA001,
21QEB50,AA701,21QEB50-AA701,
21QFB50,AA702,21QFB50-AA702,
21QEB50,AA901,21QEB50-AA901,
21QEB50,AA002,21QEB50-AA002,
21QEB50,AA004,21QEB50-AA004,
21QEB50,AA003,21QEB50-AA003,
21QEB50,AA005,21QEB50-AA005,
21QEB50,AA007,21QEB50-AA007,
21QEB50,AA006,21QEB50-AA006,
21QEB50,AA702,21QEB50-AA702,
21QEB50,AA703,21QEB50-AA703,
21MBR00,AA902,21MBR00-AA902,
21QEB50,AA008,21QEB50-AA008,
21QEB50,AA009,21QEB50-AA009,중복
21QEB50,AA009,21QEB50-AA009,중복
21QCJ00,AA013,21QCJ00-AA013,
21QCJ00,AA014,21QCJ00-AA014,
21QCJB00,AA014,21QCJB00-AA014,
21QCJ00,AA702,21QCJ00-AA702,
21QCJ00,AA905,21QCJ00-AA905,
21QCJ00,AA012,21QCJ00-AA012,
21QCJ00,AA010,21QCJ00-AA010,
21QCJ00,AA011,21QCJ00-AA011,
21QCJ00,AA007,21QCJ00-AA007,
21QCJ00,AA009,21QCJ00-AA009,
21QCJ00,AA008,21QCJ00-AA008,
21QCJ00,AA002,21QCJ00-AA002,
21QCJ00,AA004,21QCJ00-AA004,중복
21QCJ00,AA003,21QCJ00-AA003,
21QCJ00,AA701,21QCJ00-AA701,
21QCJ00,AA001,21QCJ00-AA001,중복
21QFB50,AA001,21QFB50-AA001,
21QFB50,AA004,21QFB50-AA004,
21QFB50,AA005,21QFB50-AA005,
21QFB50,AA006,21QFB50-AA006,
21QFB50,AA007,21QFB50-AA007,
21QFB50,AA008,21QFB50-AA008,
21MBR00,AA901,21MBR00-AA901,
21PGB41,AA031,21PGB41-AA031,
21PGB41,AA032,21PGB41-AA032,
21MBR00,AA702,21MBR00-AA702,
21MBR00,AA701,21MBR00-AA701,
21PGB41,AA029,21PGB41-AA029,
21PGB41,AA028,21PGB41-AA028,
21PGB41,AA907,21PGB41-AA907,중복
21QCJ00,AA004,21QCJ00-AA004,중복
21QCJ00,AA004,21QCJ00-AA004,중복
21GHD50,AA002,21GHD50-AA002,
21GHD50,AA004,21GHD50-AA004,
21GHD50,AA003,21GHD50-AA003,
21MBR00,AA704,21MBR00-AA704,
21PGB41,AA703,21PGB41-AA703,
21PGB41,AA909,21PGB41-AA909,중복
21QCJ00,AA904,21QCJ00-AA904,
21GHD50,AA001,21GHD50-AA001,
21QCJ00,AA005,21QCJ00-AA005,
21QCJ00,AA006,21QCJ00-AA006,
21QCJ00,AA001,21QCJ00-AA001,중복
21GKC00,AA702,21GKC00-AA702,
21QFB50,AA002,21QFB50-AA002,
21QFB50,AA003,21QFB50-AA003,
21PGB41,AA908,21PGB41-AA908,중복
21GCB00,AA001,21GCB00-AA001,
21PGB41,AA030,21PGB41-AA030,
21PGB41,AA906,21PGB41-AA906,중복
21PGB41,AA027,21PGB41-AA027,
21PGB41,AA908,21PGB41-AA908,중복
21PGB41,AA909,21PGB41-AA909,중복
21PGB41,AA907,21PGB41-AA907,중복
21PGB41,AA906,21PGB41-AA906,중복
21PGB41,AA702,21PGB41-AA702,중복
21PGB41,AA702,21PGB41-AA702,중복
21PGB41,AA026,21PGB41-AA026,
21QCJ11,AA001,21QCJ11-AA001,
21QCJ11,AA701,21QCJ11-AA701,
21QCJ11,AA702,21QCJ11-AA702,
21QCJ11,AA002,21QCJ11-AA002,
21QCJ11,AA003,21QCJ11-AA003,
21QCJ11,AA004,21QCJ11-AA004,
21QCJ11,AA005,21QCJ11-AA005,
21QCJ11,AA006,21QCJ11-AA006,
21QCJ11,AA007,21QCJ11-AA007,
21QCJ11,AA008,21QCJ11-AA008,
21QCJ11,AA009,21QCJ11-AA009,
21QCJ11,AA010,21QCJ11-AA010,
21QCJ00,AA703,21QCJ00-AA703,
21QCJ11,AA703,21QCJ11-AA703,
21QCJ11,AA704,21QCJ11-AA704,
21QCJ11,AA705,21QCJ11-AA705,
21QCJ11,AA706,21QCJ11-AA706,
21QCJ11,AA707,21QCJ11-AA707,
21QCJ11,AA708,21QCJ11-AA708,
21QCJ11,AA709,21QCJ11-AA709,
21QCJ11,AA310,21QCJ11-AA310,
21QCJ11,AA311,21QCJ11-AA311,
21QCJ11,AA312,21QCJ11-AA312,
21QCJ11,AA313,21QCJ11-AA313,
21QCJ11,AA314,21QCJ11-AA314,
21QCJ11,AA315,21QCJ11-AA315,
21QCJ11,AA316,21QCJ11-AA316,
21QCJ11,AA317,21QCJ11-AA317,
21QCJ11,AA318,21QCJ11-AA318,
21QCJ11,AA319,21QCJ11-AA319,
21QCJ11,AA320,21QCJ11-AA320,
