<?xml version="1.0" encoding="UTF-8"?><STYLE StyleState="2" StyleType="User" ExportBehaviour="Always Export"><DRAWING-FRAME Visible="0" TemplateFile="D:\ceasar\TITLE.dwg" CustomHeight="0" CustomWidth="0" TemplateFormat="Smart DWG (DWG)" LeftMargin="0" RightMargin="0" TopMargin="5" BottomMargin="2" ReservedAreaDrawing="0" ReservedAreaDrawingTop="0" ReservedAreaMatList="0" DXFUnits="mm"><DRAWING-FRAME-ATTRIBUTES><DFATTRIBUTE AttributeName="PROJECT-IDENTIFIER" XPos="382" YPos="36.2" CharHeight="2.8" CharWidth="0" Justification="Left" RotationAngle="0" Layer="0" Colour="0" TextWeight="0" Font="" BarCode="0" TruncationLength="0"/><DFATTRIBUTE AttributeName="BATCH" XPos="382" YPos="21.5" CharHeight="2.8" CharWidth="0" Justification="Left" RotationAngle="0" Layer="0" Colour="0" TextWeight="0" Font="" BarCode="0" TruncationLength="0"/><DFATTRIBUTE AttributeName="PIPING-SPEC" XPos="310" YPos="43.6" CharHeight="2.8" CharWidth="0" Justification="Left" RotationAngle="0" Layer="0" Colour="0" TextWeight="0" Font="" BarCode="0" TruncationLength="0"/><DFATTRIBUTE AttributeName="NOMINAL-CLASS" XPos="310" YPos="7.5" CharHeight="2.8" CharWidth="0" Justification="Left" RotationAngle="0" Layer="0" Colour="0" TextWeight="0" Font="" BarCode="0" TruncationLength="0"/><DFATTRIBUTE AttributeName="DATE-DMY" XPos="100" YPos="13" CharHeight="2.8" CharWidth="0" Justification="Left" RotationAngle="0" Layer="0" Colour="0" TextWeight="0" Font="" BarCode="0" TruncationLength="0"/><DFATTRIBUTE AttributeName="INSULATION-SPEC" XPos="310" YPos="36.2" CharHeight="2.8" CharWidth="0" Justification="Left" RotationAngle="0" Layer="0" Colour="0" TextWeight="0" Font="" BarCode="0" TruncationLength="0"/><DFATTRIBUTE AttributeName="PAINTING-SPEC" XPos="310" YPos="21.5" CharHeight="2.8" CharWidth="0" Justification="Left" RotationAngle="0" Layer="0" Colour="0" TextWeight="0" Font="" BarCode="0" TruncationLength="0"/><DFATTRIBUTE AttributeName="PIPELINE-TEMP" XPos="382" YPos="43.6" CharHeight="2.8" CharWidth="0" Justification="Left" RotationAngle="0" Layer="0" Colour="0" TextWeight="0" Font="" BarCode="0" TruncationLength="0"/><DFATTRIBUTE AttributeName="ATTRIBUTE3" XPos="310" YPos="29" CharHeight="2.8" CharWidth="0" Justification="Left" RotationAngle="0" Layer="0" Colour="0" TextWeight="0" Font="" BarCode="0" TruncationLength="0"/><DFATTRIBUTE AttributeName="ATTRIBUTE5" XPos="382" YPos="29" CharHeight="2.8" CharWidth="0" Justification="Left" RotationAngle="0" Layer="0" Colour="0" TextWeight="0" Font="" BarCode="0" TruncationLength="0"/><DFATTRIBUTE AttributeName="ATTRIBUTE6" XPos="382" YPos="7.5" CharHeight="2.8" CharWidth="0" Justification="Left" RotationAngle="0" Layer="0" Colour="0" TextWeight="0" Font="" BarCode="0" TruncationLength="0"/><DFATTRIBUTE AttributeName="ATTRIBUTE7" XPos="382" YPos="14.4" CharHeight="2.8" CharWidth="0" Justification="Left" RotationAngle="0" Layer="0" Colour="0" TextWeight="0" Font="" BarCode="0" TruncationLength="0"/><DFATTRIBUTE AttributeName="ATTRIBUTE17" XPos="310" YPos="14.4" CharHeight="2.8" CharWidth="0" Justification="Left" RotationAngle="0" Layer="0" Colour="0" TextWeight="0" Font="" BarCode="0" TruncationLength="0"/><DFATTRIBUTE AttributeName="DRG" XPos="563" YPos="9" CharHeight="4" CharWidth="0" Justification="Left" RotationAngle="0" Layer="0" Colour="0" TextWeight="0" Font="" BarCode="0" TruncationLength="0"/><DFATTRIBUTE AttributeName="DRAWINGS-TOTAL" XPos="579" YPos="9" CharHeight="4" CharWidth="0" Justification="Left" RotationAngle="0" Layer="0" Colour="0" TextWeight="0" Font="" BarCode="0" TruncationLength="0"/><DFATTRIBUTE AttributeName="ATTRIBUTE10" XPos="460" YPos="8" CharHeight="2.8" CharWidth="0" Justification="LEFT" RotationAngle="0" Layer="0" Colour="0" TextWeight="0" Font="VERDANA" BarCode="0" TruncationLength="0"/><DFATTRIBUTE AttributeName="ATTRIBUTE11" XPos="460" YPos="14" CharHeight="2.8" CharWidth="0" Justification="LEFT" RotationAngle="0" Layer="0" Colour="0" TextWeight="0" Font="VERDANA" BarCode="0" TruncationLength="0"/></DRAWING-FRAME-ATTRIBUTES><SYMBOL-TABLE Layout="" TextHeight="0" TextWeight="0" VerticalSpacing="0" HorizontalSpacing="0" DrawingLayer="10" StartX="0" StartY="0" TextFont="" TextWidthFactor="0" MaxRows="0" MaxColumns="0" Visible="-1" TextOffsetX="0" TextOffsetY="0" SymbolScale="2" SymbolSelect="Dynamic" SymbolList="" PipeLength="0"/></DRAWING-FRAME><ALTERNATIVE-TEXTS><ATEXT ISOGENTextID="-210" AlternateText="?"/><ATEXT ISOGENTextID="-211" AlternateText="?"/><ATEXT ISOGENTextID="-212" AlternateText="?"/><ATEXT ISOGENTextID="-274" AlternateText="-SPL-"/><ATEXT ISOGENTextID="-317" AlternateText=""/><ATEXT ISOGENTextID="-318" AlternateText=""/><ATEXT ISOGENTextID="-207" AlternateText="DN"/></ALTERNATIVE-TEXTS><DRAWING Visible="-1"><CONTROLS PostScriptSize="A3" PipeNameStyle="Pipe Reference" PlotFileLength="3275" DrawingsPerFile="One per file" FlatSpoolOrientation="" OverwritePlotFile="-1" IsoScale="1" PipeLineScale="100" DateFormat="British" DateSource="System" FourDigitYear="-1" DiagnosticLevel="HIGH" DisconnectionMessage="0" SetPipeLineDisconnected="-1" MinAngleOffset="0" ShowISOGENVer="0" PrintedOutputPageLen="0" PipeLineSplittingInTube="Normal" NorthDirection="Top Left" IsometricType="Combined" PipeLineSplitting="110" HeatTracingOptions="" IgnoreUserSplitPoints="0" NoOfDrawings="0" AutoDrawingSplit="0" UseI01TypeExts="0" AppendStandardExts="0" OutputFormat="Smart DWG (DWG)" DrawingSize="A1" Units="Metric / Inch Bores" WeightOutput="None" LinearWeightDenominator="None" PlotFilePath="$STYLE$\Drawings\" PipeNameInContMessages="1" ContinuationGraphicsOnSpoolIsos="-1" TrueScale="0" SupportAdditionsWeight="" StartDrawingNumber="1" FlatSpoolUpArrow="0" DrawingRotationAngle="0"/><DIMENSIONS BranchCptLimit="0" BranchBoreLimit="0" VertOption="Normal" ValveLimit="0" ValveHY="0" ValvePL="0" ValveFL="0" ValveSW="0" ValveSC="0" ValveCP="0" ValveBW="0" TapOnPipe="Full" TapOnPipeFittings="Full" TapOnCpt="Full" SuppOptions="All" SuppStandOut="0" SuppDimAsDim="-1" CoordOutputBranches="None" CoordOutputBends="None" CoordType="Arrowed" CoordOutputHTCpts="" CoordSupports="None" MinOffset="0" IdfgenConnectionTolerance="0" AddRoundOff="Normal" FabWeldsInPipe="" PipesThroughPenetrationPlates="Dimension From Same Plate Face" GasketDimPrecision="" Format="Full String" Gaskets="Included" TapBranchDimension="CentreLine" TeedBendBranchDimension="Connection" USAStyle="-1" SeparatePulledBend="0" MetresCoordinates="mm" MetresDimensions="mm" ImperialFormat="Space Dash" JacketDimensioning="Full" FtInTolerance="12" NominalSize="-1" Overall="Across Branches" StandOutOverall="0" StandOutComposite="0" StandOutVertical="-1" IsometricText="0" SuppFormat="Included" NonLinearValves="0" AdditionalAllowances="0" AdditionalAllowanceFormat="" DoubleUnits="0" Inches="0" CurvedPipeDimensioning="" SuppDimToCentre="0" WeldDimensioning="0" WeldDimensionAccuracy="" OverallAcrossFabItemsOnly="0"/><FORMAT FlangeRotationStyle="No Box" TracingStyle="Alongside Pipe" InsulationStyle="Alongside Pipe" CptTagsStyle="None" InstIdentification="Use Tag" InstIDEnclosureStyle="No Box" InstIDEnclosureSize="No Balloon" SpoolPrefix="" SupportIdentification="No Tags / Spec Ref" SeparateSpoolUnion="0" SpoolIDAllocation="No Lone IDs" SpoolIDLength="" SpoolDrawingID="Default" SpoolIDEnclosure="Square Brackets" SpoolIDSize="Default (2)" SpoolIDContinuation="-1" SpoolIDType="None" GhostGapDimension="0" ElbowRepresentation="Round" ElbowRadius="0" BendRepresentation="Square" BendRadius="0" TapBranchPipeScale="75" SupportTagEnclStyle="" TapBranchInlineScale="0" TapBranchSuppression="" SpecBrkRepresentation="Dual" SpecBrkEnclosure="Square Ended" FlowArrowScale="0" ShowFlowArrows="-1" ComputeNozzleAxis="0" SkewHatchDimText="1.5" SkewHatchCptGap="2.5" SkewHatchPipeGap="2.5" SkewHatchCutOff="31" SkewHatchSpacing="1.5" SkewHatching="-1" SkewMinCpts="0" SkewMixed="-1" SkewDimStandout="0" SkewDimStyle="Triangle - alternative" SkewOverall="Overall" SkewInVerticalBranch="0" SkewRepresentation="2D Skew + Fall" SkewAngleStyle="Not Shown" FallCutOff="0" FallRepresentation="Ratio~5(&gt; 1:100)" ComponentLegLength="0" PartNoSpaces="0" AngleType="" CptAttributesEnclStyle="" AdditionalEnclosureStyle="" AdditionalWeldEnclosure="0" AdditionalWeldEnclSpaces="0" MultiPortConnections="All Dotted" OrientationFrom="Previous Position" OletBranchOrientationMessage="No Message" TeeCrossNS="Combined" PartNoEnclosureStyle="Square Ends" CptTagEnclStyle="" CutPieceNoLength="" CutPieceEnclosureStyle="&lt; n &gt; (Default)" PartNoEnclSize="Default (2)" PartNoLength="" PartNoVisible="0" NorthArrowBox="0" TestIso="0" TextSize="User" UserTextSize="2.8" TextWidth="0" TextWeight="0" TextFont="" SiteAssemblyIDs="Off" SiteAssemblyIDsPerDrawing="-1" SiteWeldsNotAssignedToSpools="0" SiteAssemblyIDEnclosure="None" SiteAssemblyIDEnclSize="Default (2)" SpoolIDEnclosureStyle="@$@?@$@" MessageSquareEnclosure="" MessagePointedEnclosure="" MessageRoundEnclosure="" MessageTriangleEnclosure="" MessageDiamondEnclosure="" MessageCircleEnclosure="" AngleStyle="" AngleAccuracy="" ReferenceNameStyle="" CurvedPipeAngleStyle="" CurvedPipeRadiusStyle="" CurveThreshold="0" SkewTriangleRightAngleIndication="0" FabricationAssemblyIDEnclosure="" OffshoreAssemblyIDEnclosure="" AssemblyIDSequencing="" ConnectionIDCategory=""/><CONTENT ShowReferenceDims="0" ShowRPads="0" ShowFlangeRotation="0" ShowCptFlowArrows="0" ShowCoordAtSplitPts="-1" ShowContAtSplitPoint="-1" ShowCoordAtRefItem="0" ShowSupports="-1" ShowTapBrnchCoords="-1" ShowBIP="-1" ShowIsometricSpindles="0" ShowMiscPosition="0" ShowDrainPosition="-1" ShowVentPosition="-1" ShowClosedEnd="-1" ShowNSUnitsOnDrg="0" ShowNSUnitsInReports="0" ShowOpenEnd="-1" ShowEquipConn="-1" ShowPipeLineCont="-1" ShowNozzles="-1" ShowSiteAssemblyTable="0" ShowGaskets="0"/><WELDS ShowOffshoreSupportWeldPrefix="0" ShowOffshoreSupportWeldNos="-1" OffShoreSupportWeldStartNo="0" OffshoreSupportWeldEnclosure="Default Circle" ShowErectSupportWeldNos="0" ShowErectSupportWeldPrefix="0" ErectSupportWeldStartNo="0" ErectSupportWeldEnclosure="Default Circle" ShowFabSupportWeldNos="0" ShowFabSupportWeldPrefix="0" FabSupportWeldStartNo="0" FabSupportWeldEnclosure="Default Circle" ShowOffshoreWeldPrefix="0" ShowOffshoreWeldNos="0" OffShoreWeldStartNo="0" OffshoreWeldEnclosure="Default Circle" ShowErectWeldNos="0" ShowErectWeldPrefix="0" ErectWeldStartNo="0" ErectWeldEnclosure="Default Circle" GeneralWeldStartNo="0" ShowFabWeldNos="0" ShowFabWeldPrefix="0" FabWeldStartNo="0" MessageArrowheads="" FabWeldEnclosure="Default Circle" SupportWeldTypeNos="0" SupportWeldSeq="Continuous" SupportWeldNumbers="0" TypeSequenceNumbers="0" SpoolMatchesPipe="-1" WeldNumberSequence="Continuous" WeldNumberSize="Small" WeldNumberLength="Variable" WeldNumberType="Numeric" WeldTypes="All" WeldNumbers="" WeldTypeIdentifiers="" ShowWelds="-1" ShowWeldNumbers="0" FabWeldEnclSize="Default (2)" ErectWeldEnclSize="Default (2)" OffshoreWeldEnclSize="Default (2)" FabSuppWeldEnclSize="Default (2)" ErectSuppWeldEnclSize="Default (2)" OffshoreSuppWeldEnclSize="Default (2)" ImpliedWelds="" GeneralPrefix="" FabPrefix="" ErectPrefix="" OffShorePrefix="" FabSupportPrefix="" ErectSupportPrefix="" OffShoreSupportPrefix="" SpecialStatusWeldIdentifiers="0" SpecialSiteWeldCategory=""><WELD-ATTRIBUTE-ENCLOSURES/></WELDS><DEFINITIONS LineStyleTable=""><DEFINITION DefinitionType="VariableBore" DScale="100" Layer="5" ThicknessActual="0.3" ThicknessLogical="6" UpperBore="2" LowerBore="0" AppliesTo="Pipeline" Colour="0" Category="" LineStyle="0"/><DEFINITION DefinitionType="VariableBore" DScale="100" Layer="5" ThicknessActual="0.3" ThicknessLogical="6" UpperBore="0" LowerBore="2.5" AppliesTo="Pipeline" Colour="0" Category="" LineStyle="0"/><DEFINITION DefinitionType="Dotted" DScale="75" Layer="5" ThicknessActual="0.3" ThicknessLogical="3" UpperBore="0" LowerBore="0" AppliesTo="SPECIAL-STATUS" Colour="0" Category="" LineStyle="0"/><DEFINITION DefinitionType="Dotted" DScale="75" Layer="5" ThicknessActual="0.3" ThicknessLogical="3" UpperBore="0" LowerBore="0" AppliesTo="CONTINUATION" Colour="0" Category="" LineStyle="0"/><DEFINITION DefinitionType="VariableBore" DScale="85" Layer="10" ThicknessActual="0.3" ThicknessLogical="3" UpperBore="2" LowerBore="0" AppliesTo="General Fittings" Colour="0" Category="" LineStyle="0"/><DEFINITION DefinitionType="VariableBore" DScale="85" Layer="10" ThicknessActual="0.3" ThicknessLogical="3" UpperBore="0" LowerBore="2.5" AppliesTo="General Fittings" Colour="0" Category="" LineStyle="0"/><DEFINITION DefinitionType="Fitting" DScale="100" Layer="10" ThicknessActual="0" ThicknessLogical="0" UpperBore="0" LowerBore="0" AppliesTo="INSTRUMENTS" Colour="0" Category="" LineStyle="0"/><DEFINITION DefinitionType="Fitting" DScale="85" Layer="10" ThicknessActual="0" ThicknessLogical="0" UpperBore="0" LowerBore="0" AppliesTo="VALVES" Colour="0" Category="" LineStyle="0"/><DEFINITION DefinitionType="Fitting" DScale="85" Layer="10" ThicknessActual="0" ThicknessLogical="0" UpperBore="0" LowerBore="0" AppliesTo="VALVES-ANGLE" Colour="0" Category="" LineStyle="0"/><DEFINITION DefinitionType="Fitting" DScale="85" Layer="10" ThicknessActual="0" ThicknessLogical="0" UpperBore="0" LowerBore="0" AppliesTo="VALVES-3WAY" Colour="0" Category="" LineStyle="0"/><DEFINITION DefinitionType="Fitting" DScale="85" Layer="10" ThicknessActual="0" ThicknessLogical="0" UpperBore="0" LowerBore="0" AppliesTo="VALVES-4WAY" Colour="0" Category="" LineStyle="0"/><DEFINITION DefinitionType="Fitting" DScale="100" Layer="10" ThicknessActual="0" ThicknessLogical="0" UpperBore="0" LowerBore="0" AppliesTo="FILTERS" Colour="0" Category="" LineStyle="0"/><DEFINITION DefinitionType="Fitting" DScale="84" Layer="45" ThicknessActual="0.3" ThicknessLogical="3" UpperBore="0" LowerBore="0" AppliesTo="WELDS" Colour="0" Category="" LineStyle="0"/><DEFINITION DefinitionType="Fitting" DScale="100" Layer="50" ThicknessActual="0.2" ThicknessLogical="3" UpperBore="0" LowerBore="0" AppliesTo="NOZZLE" Colour="0" Category="" LineStyle="0"/><DEFINITION DefinitionType="Misc" DScale="100" Layer="15" ThicknessActual="0.1" ThicknessLogical="0" UpperBore="0" LowerBore="0" AppliesTo="DIMENSION-TEXT" Colour="0" Category="" LineStyle="0"/><DEFINITION DefinitionType="Misc" DScale="75" Layer="20" ThicknessActual="0.1" ThicknessLogical="0" UpperBore="0" LowerBore="0" AppliesTo="DIMENSION-LINES" Colour="0" Category="" LineStyle="0"/><DEFINITION DefinitionType="Misc" DScale="100" Layer="25" ThicknessActual="0.1" ThicknessLogical="0" UpperBore="0" LowerBore="0" AppliesTo="MATERIAL-LIST" Colour="0" Category="" LineStyle="0"/><DEFINITION DefinitionType="Misc" DScale="100" Layer="30" ThicknessActual="0.1" ThicknessLogical="0" UpperBore="0" LowerBore="0" AppliesTo="FRAME-TEXT" Colour="0" Category="" LineStyle="0"/><DEFINITION DefinitionType="Misc" DScale="95" Layer="35" ThicknessActual="0.1" ThicknessLogical="0" UpperBore="0" LowerBore="0" AppliesTo="ISO-TEXT" Colour="0" Category="" LineStyle="0"/><DEFINITION DefinitionType="Fitting" DScale="75" Layer="0" ThicknessActual="0.1" ThicknessLogical="0" UpperBore="0" LowerBore="0" AppliesTo="SUPPORTS" Colour="0" Category="ALL" LineStyle="0"/></DEFINITIONS><LAYERS DefaultColour="0"><LAYER LayerNumber="3" Name="BACKING" LayerColour="0"/><LAYER LayerNumber="5" Name="PIPE" LayerColour="0"/><LAYER LayerNumber="10" Name="FITTINGS" LayerColour="0"/><LAYER LayerNumber="15" Name="DIM-TEXT" LayerColour="0"/><LAYER LayerNumber="20" Name="DIM-LINES" LayerColour="0"/><LAYER LayerNumber="25" Name="MAT-LIST" LayerColour="0"/><LAYER LayerNumber="30" Name="FRAME" LayerColour="0"/><LAYER LayerNumber="35" Name="ISO-TEXT" LayerColour="0"/><LAYER LayerNumber="40" Name="SKETCHES" LayerColour="0"/><LAYER LayerNumber="45" Name="WELDS" LayerColour="0"/><LAYER LayerNumber="50" Name="NOZZLES" LayerColour="0"/></LAYERS><FONTS/><ENDCONNECTIONS/><REVISIONS Enabled="0" Distance="0" Colour="0" Layer="0" FillColour="0" EnclosureType="" MinCloudArc="0" MaxCloudArc="0"/></DRAWING><MATERIAL-LIST Visible="0" ActiveList="Default(Fixed)" FabAccumulation="Normal" SheetNumberFormat="" SupportsWithMatchingNamesAccumulation="" ErectAccumulation="Normal" FixedPipeAccumulation="" OffshoreAccumulation="Normal" GasketAccumulation="Normal" BoltAccumulation="Normal" CentrelineLengths="" WeldAccumulation="Normal" MaterialListSplitting="Per Drawing" MaterialListOverflow="Continuation Sheet" OverflowDrawingID="Alpha suffix" Drg1of1OnSingleIsos="-1" SmallxLargeNS="" SpoolsMatchFull="0" MaterialsBySpool="0" LinearQuantityStyle="n.n M n.n ft" TextFont="" WastageArea1="1" WastageArea2="1" WastageArea3="1" WastageArea4="1" WastageArea5="1" WastageArea6="1" WastageArea7="1" WastageArea8="1" WastageArea9="1" ItemCodeLength="12" WeightsStyle="None" BoltDiameterUnits="As Drawing" BoltLengthUnits="As Drawing" ComponentsWithNoItemCodesInPCF=""><FIXED-LAYOUT MLType="Normal" RightSide="-1" LineSpacing="0" TextSize="User" UserTextSize="2.8" TextWidth="0" TextWeight="0" ShowItemDescriptions="-1" InsertBlankLines="-1" Layout="Standard" ShowDividingLines="0" TitleblockVisible="0" TitleblockPos="Pipeline"/><VARIABLE-LAYOUT MLType="Normal" RightSide="-1" LineSpacing="0" TextSize="User" UserTextSize="2.8" TextWidth="0" TextWeight="0" InsertBlankLines="-1" Layout="Standard" ShowDividingLines="0" HeaderLines="" DefaultDescriptionWidth="0" UniqueDelimiter=""><COLUMNS/></VARIABLE-LAYOUT><USER-DEFINED ActiveSection="1" MLType="Normal" ShowRemarks="0" TextHeight="2.5" TextWeight="0" VerticalSpacing="0" DrawingLayer="0" DrawingColour="0" DefaultDescriptionWidth="0" StartX="380" StartY="396" GroupHeadingX="0" ShowGroupHeadings="0" GroupUnderline="0" CategoryHeadingX="0" ShowCategoryHeadings="0" CategoryUnderline="0" TextFont="" TextWidthFactor="0" ShowAccumulatedPipeData="0" AccumulatedPipePosition="0" AccumulatedPipeQuantity="0" AccumulatedPipeDesc="0" UniqueDelimiter=""><COLUMNS/><ONE-SECTION Content="" ListDown="0" MaxEntries="20"/><TWO-SECTION Section1Content="" Section1Down="0" Section1MaxEntries="0" Section2Content="" Section2Down="0" Section2YOffset="0" Section2MaxEntries="0"/><THREE-SECTION ListDown="0" Section1Content="" Section1MaxEntries="0" Section2Content="" Section2YOffset="0" Section2MaxEntries="0" Section3Content="" Section3YOffset="0" Section3MaxEntries="0"/><REMARKS StartX="0" StartY="0" VerticalSpacing="0" MaxCharacters="0" TextHeight="0" TextWeight="0" DrawingLayer="0" MaxEntries="0"/><SPOOL-TABLE Enabled="0" HeaderOffsetX="0" HeaderOffsetY="0" ColumnOffset="0" NoColumns="0" TableOverflow="0" TextHeight="0" TextWeight="0" DrawingLayer="0" DataOffsetX="0" DataOffsetY="0" OutputLinesTube="0" TextHeightMultiple="0"/></USER-DEFINED><CUT-LIST Visible="0" ActiveList="" IncludeAdditionalMaterial="" CutPieceSequence="Per Drawing" CutPieceID="Numeric" DecimalInchOutput="0" LengthToCL="0" LengthToBranchPoint="0" OnShoreAllowance="0" OffShoreAllowance="0" ShopWeldAllowance="0" UseWeldGapData="0" UseTangentData="0"><FIXED-LAYOUT Content="Standard"/><USER-DEFINED Layout="" TextHeight="2.5" TextWeight="0" VerticalSpacing="0" VerticalDirection="" HorizontalSpacing="0" HorizontalDirection="" DrawingLayer="0" StartX="0" StartY="0" TextFont="" TextWidthFactor="0" AllowOverflowDrawings="0" MaxRows="20" MaxColumns="0" ShowEnclosure="0"><COLUMNS/></USER-DEFINED><SUMMARY-FILE HeaderLines="" ShowTitles="0" ShowHeaders="0" TitleText="" UserDefined="0" Append="0" FileFormat="" Delimiter=""><COLUMNS/></SUMMARY-FILE></CUT-LIST><SUMMARY-FILE HeaderLines="" ShowTitles="0" ShowHeaders="0" IncludeBolts="-1" IndividualEntries="0" TitleText="" UserDefined="0" Append="-1" MaterialHeadings="" FileFormat="" Delimiter="" UniqueDelimiter=""><COLUMNS/></SUMMARY-FILE><TRANSFERS/></MATERIAL-LIST><WELD-LIST Visible="0" ActiveList="Fixed" SlipOnFlangeWelds="0" ExtraRPadWelds="0" YTypeWelds="0" TackWeldNumbers="-1" ClampWelds="0"><FIXED-LAYOUT ShowOperationsBox="0"/><VARIABLE-LAYOUT HeaderLines=""><COLUMNS/></VARIABLE-LAYOUT><USER-DEFINED ListDown="0" MaxRows="0" MaxCols="0" StartX="0" StartY="0" TextHeight="2.5" TextWeight="0" MaxEntries="20" HorizontalSpacing="0" TableLayout="" VerticalSpacing="0" DrawingLayer="0" DrawingColour="0" TextFont="" TextWidthFactor="0"><COLUMNS/></USER-DEFINED><SUMMARY-FILE ShowTitles="0" ShowHeaders="0" Append="0" TitleText="" HeaderLines="" FileFormat="" Delimiter=""><COLUMNS/></SUMMARY-FILE></WELD-LIST><SUPPLEMENTARY><DATA-FILES><ISOGEN-FILE FileType="FONT-INFORMATION-FILE" FilePath="$INSTALL$\Data\Fontstd.fif" Enabled="-1"/><ISOGEN-FILE FileType="REFERENCE-PLANE-DEFINITION" FilePath="" Enabled="0"/></DATA-FILES><REPORT-FILES/><CENTRE-OF-GRAVITY Enabled="0" ForWetPipe="Not required" ForDryPipe="Not required" ShowInsulationWeight="0" ShowWetWeight="0" PerPipeLine="-1"/><EQUIPMENT-TRIM DataFile="One Pipeline per file" MaterialFile="Accumulate per item" PartNos="Start at 1 per drawing" IsometricOutputEnabled="0" NozzleIdentifier="" NozzleIDEnclosure="" ShowNozzleNominalSize="0" ShowNozzleCoords="0"/><REPEAT-FILE ComponentInfo="Off" SpoolID="Off" MatList="0" WeldNos="0" ByPass="-1" SplitPoints="0" StartPoint="0" Content="Standard"/><DETAIL-SKETCHES Path="" FileFormat="DWG" SketchHeight="50" SketchWidth="50" LabelX="38" LabelY="1.65" LabelType="ALPHA" TextHeight="3" TextWeight="0" TextFont="" LabelLayer="40" Colour="0" SketchPosition="" NotePosition="" PositionFix="0" NoteFormat="DWG" NoteHeight="36" NoteWidth="16"><LOCALSKETCHES/><Detail-Sketch-Library/></DETAIL-SKETCHES><INSTRUMENT-SKEYS/><TITLE-TEXTS/><AUXILIARY-PROGRAMS StartProgram="" StartTimeout="0" StopOnError="0" EndProgram="" PodGraphicsProgram="" PodGraphicsTimeout="0"/><PIPE-BENDING Enabled="0" AllowAdditionalAdjacentMaterial="0" AllowAdditionalMaterialAtEnds="0" AllowMachineChange="0" AllowBenderChange="0" AllowHandChange="0" AdjacentMaterialSelectionFactor="0" MaterialAtEndsSelectionFactor="0" MachineSelectionFactor="0" BenderSelectionFactor="0" HandSelectionFactor="0" IncludeBendStretching="0" IncludeBendSpringback="0" IncludeWeldShrinkage="0" NominatedMachine="" NominatedBender="" UseMachinePriority="0" UseBenderPriority="0" MachineOverBenderPriority="0" CutAndWeldCutPiece="0" RejectInvalidManufacturer="0" DoClashChecking="0" TemplateLength="0" BendingProgramTotal="0"/><DFTABLE-ATTRIBUTES><DFTABLE-ATTRIBUTE AttributeName="PIPELINE-TEMP" XPos="122.68" YPos="50" CharHeight="5" CharWidth="0" Justification="Left" RotationAngle="0" Layer="0" Colour="0" TextWeight="5" Font="AutoDesk COMPLEX" BarCode="0" TruncationLength="0" XSpacing="0" YSpacing="0" ColumnsNumber="0" LinesNumber="0" Direction="Vertical"/><DFTABLE-ATTRIBUTE AttributeName="TOTAL-INSULATION-WEIGHT" XPos="157.43" YPos="50" CharHeight="5" CharWidth="0" Justification="Left" RotationAngle="0" Layer="0" Colour="0" TextWeight="5" Font="AutoDesk COMPLEX" BarCode="0" TruncationLength="0" XSpacing="0" YSpacing="0" ColumnsNumber="0" LinesNumber="0" Direction="Vertical"/></DFTABLE-ATTRIBUTES><SITE-WELD-FILE HeaderLines="" FileFormat="" Delimiter="" ShowTitles="0" TitleText=""><COLUMNS/></SITE-WELD-FILE><DWG-INFO-FILE HeaderLines=""><COLUMNS/></DWG-INFO-FILE><ADDITIONAL-DATA Enabled="0" DDFLines=""/><TRACEABILITY UniquePartNumber="" IdentifierSuffix="" PlotUniquePtNoTable="0" ContinuousDown="0" StartX="0" StartY="0" VerticalSpacing="0" TextHeight="0" TableOverflow="0" DrawingLayer="0" MaxEntries="0" UniqueNosBolts="" UniqueNosGaskets=""><COLUMNS/></TRACEABILITY><SpoolINformation Append="0" HeaderLines="" FileFormat="" Delimiter="" ShowTitles="0" TitleText=""><COLUMNS/></SpoolINformation><SpoolAttributes ReferenceIDLocation=""><ENCLOSURES/></SpoolAttributes><PipelineAtts Text=""/><HeatTreatment Text=""/><BendingReport Append="0" ReportContents="Standard"/><ReferencePlanes LocationPtStyle="Square Ended Box" CoordStyleAtLocationPts="None" CoordStyle=""/><Fonts/><PRINTED-MATERIAL-LIST ShowTitles="0" TitleText="" FileFormat="" Delimiter=""/><NeutralFile Enabled="0" Path="" Append="0" FileFormat="" Delimiter="" HeaderLines="" OutputCutPieces="0" GroupBy="" RecordLength="0"><COLUMNS/><OUTPUT Default="" Bolts="" Gaskets="" Fittings="" Flanges="" Instruments="" Miscellaneous="" Pipe="" Supports="" Valves="" Welds=""/></NeutralFile></SUPPLEMENTARY><OPTIONS/></STYLE>