VALVNO,중복
"2-1""(-V-0022)",
"2-1""(-V-0064)",
3/4-511-V-0070A,
3/4-511-V-0070B,
3/4-511-V-0224,
3/4-511-V-0225,
3/4-511-V-0901,
3/4-511-V-0902,
3/4-511-V-0903,
3/4-511-V-0904,
3/4-514-V-0001,
3/4-514-V-0002,
3/4-514-V-0006,
3/4-514-V-0007,
3/4-514-V-0008,
3/4-514-V-0009,
3/4-514-V-0010,
3/4-514-V-0011,
3/4-514-V-0012,
3/4-514-V-0013,
3/4-514-V-0043,
3/4-514-V-1006,
3/4-514-V-1010,
3/4-514-V-1011,
3/4-514-V-1012,
3/4-514-V-1013,
3/4-514-V-1014,
3/4-514-V-1015,
3/4-514-V-1016,
3/4-514-V-1018,
3/4-514-V-1019,
3/4-514-V-1020,
3/4-514-V-1022,
3/4-514-V-1030,
3/4-514-V-1119,
3/4-514-V-1301,
3/4-514-V-1302,
3/4-514-V-1303,
3/4-514-V-1304,
3/4-514-V-1305,
3/4-514-V-1306,
3/4-514-V-1307,
3/4-514-V-1308,
3/4-514-V-1309,
3/4-514-V-1310,
3/4-514-V-2006,
3/4-514-V-2013,
3/4-514-V-2014,
3/4-514-V-2015,
3/4-514-V-2016,
3/4-514-V-2017,
3/4-514-V-2019,
3/4-514-V-2020,
3/4-514-V-2022,
3/4-514-V-2030,
3/4-514-V-2118,
3/4-514-V-3006,
3/4-514-V-3013,
3/4-514-V-3014,
3/4-514-V-3015,
3/4-514-V-3016,
3/4-514-V-3017,
3/4-514-V-3018,
3/4-514-V-3019,
3/4-514-V-3020,
3/4-514-V-3022,
3/4-514-V-3030,
3/4-514-V-4005,
3/4-514-V-4006,
3/4-514-V-4013,
3/4-514-V-4014,
3/4-514-V-4015,
3/4-514-V-4016,
3/4-514-V-4017,
3/4-514-V-4018,
3/4-514-V-4019,
3/4-514-V-4020,
3/4-514-V-4022,
3/4-514-V-4030,
3/4-514-V-5006,
3/4-514-V-5013,
3/4-514-V-5014,
3/4-514-V-5015,
3/4-514-V-5016,
3/4-514-V-5017,
3/4-514-V-5018,
3/4-514-V-5019,
3/4-514-V-5020,
3/4-514-V-5022,
3/4-514-V-5030,
3/4-514-V-6013,
3/4-514-V-6014,
3/4-514-V-6015,
3/4-514-V-6016,
3/4-514-V-6017,
3/4-514-V-6018,
3/4-514-V-6019,
3/4-514-V-6020,
3/4-514-V-6022,
3/4-514-V-6030,
3/4-514-V-7015,
3/4-514-V-7016,
3/4-514-V-7017,
3/4-514-V-7018,
3/4-514-V-7019,
3/4-514-V-8013,
3/4-514-V-8014,
3/4-514-V-8015,
3/4-514-V-8016,
3/4-514-V-8018,
3/4-514-V-8019,
3/4-514-V-8020,
3/4-514-V-8022,
3/4-514-V-8030,
3/4-514-V-8081,
3/4-514-V-9013,
3/4-514-V-9014,
3/4-514-V-9015,
3/4-514-V-9016,
3/4-514-V-9018,
3/4-514-V-9019,
3/4-514-V-9020,
3/4-514-V-9022,
3/4-514-V-9030,
3/4-514-V-9115,
3/4-514-V-9116,
3/4-514-V-9118,
3/4-514-V-9119,
3/4-515-V-0002,
3/4-515-V-0003,
3/4-515-V-0005,
3/4-515-V-0006,
3/4-515-V-0007,
3/4-515-V-0008,
3/4-515-V-0009,
3/4-515-V-0011,
3/4-515-V-0012,
3/4-515-V-0013,
3/4-515-V-0014N01,
3/4-515-V-0014N02,
3/4-515-V-0015,
3/4-515-V-0017,
3/4-515-V-0018,
3/4-515-V-0019,
3/4-515-V-0020,
3/4-515-V-0021,
3/4-515-V-0022,
3/4-515-V-0026,
3/4-515-V-0027,
3/4-515-V-0028,
3/4-515-V-0029,
3/4-515-V-0030,
3/4-515-V-0031,
3/4-515-V-0032,
3/4-515-V-0035,
3/4-515-V-0036,
3/4-515-V-0037,
3/4-515-V-0038,
3/4-515-V-0040,
3/4-515-V-0041,
3/4-515-V-0042,
3/4-515-V-0043,
3/4-515-V-0047X,
3/4-515-V-0047Y,
3/4-515-V-0048,
3/4-515-V-0049,
3/4-515-V-0050,
3/4-515-V-0051,
3/4-515-V-0052,
3/4-515-V-0053,
3/4-515-V-0054,
3/4-515-V-0055,
3/4-515-V-0056,
3/4-515-V-0057,
3/4-515-V-0083,
3/4-515-V-0100,
3/4-515-V-0902,
3/4-515-V-0902R,
3/4-515-V-0903,
3/4-515-V-0905,
3/4-515-V-0905R,
3/4-515-V-0906,
3/4-515-V-0908,
3/4-515-V-0908R,
3/4-515-V-0909,
3/4-515-V-0910,
3/4-515-V-0911,
3/4-515-V-0911R,
3/4-515-V-0914,
3/4-515-V-0914R,
3/4-515-V-0915,
3/4-515-V-0917,
3/4-515-V-0917R,
3/4-515-V-0918,
3/4-515-V-0920,
3/4-515-V-0920R,
3/4-515-V-0921,
3/4-515-V-0923,
3/4-515-V-0923R,
3/4-515-V-0924,
3/4-515-V-0926,
3/4-515-V-0926R,
3/4-515-V-0927,
3/4-515-V-0929,
3/4-515-V-0929R,
3/4-515-V-0930,
3/4-515-V-0932,
3/4-515-V-0932R,
3/4-515-V-0933,
3/4-515-V-0944,
3/4-515-V-0944R,
3/4-515-V-0945,
3/4-515-V-0947,
3/4-515-V-0947R,
3/4-515-V-0948,
3/4-515-V-0950,
3/4-515-V-0950R,
3/4-515-V-0951,
3/4-515-V-1001,
3/4-515-V-1002,
3/4-515-V-1003,
3/4-515-V-1004,
3/4-515-V-1005,
3/4-515-V-1006,
3/4-515-V-1016,
3/4-515-V-2001,
3/4-515-V-2002,
3/4-515-V-2016,
3/4-515-V-3016,
3/4-598-V-3004,
20-3(V-0001B),
20-V1(A)(-V-0300),
63-P97B(-V-0203B),
63-P97B(-V-0204B),
63-P97C(-V-0203A),
63-P97C(-V-0204C),
402-CV-9017,
405-BV-9117,
461-AV-1017,
464-AV-2010,
492-AV-2007,
(3/4-511-V-0901),
(3/4-511-V-0902),
(3/4-511-V-0903),
(3/4-511-V-0904),
(3/4-511-V-0905),
(3/4-511-V-0906),
(3/4-511-V-0907),
(3/4-511-V-0908),
(-V-0031A/B/C),
-CW01V-0060,
-CW02V-0061,
CV-3V-2011,
FV-34-V-0034,
G-01(-V-0001),
G-02(-V-0002),
G-03(-V-0003),
G-04(-V-0004),
G-05(-V-0005),
G-06(-V-0006),
G-07(-V-0007),
G-08(-V-0008),
G-08(-V-0013),
G-10(-V-0010),
G-11(-V-0011),
G-12(-V-0012),
G-13A(-V-0014),
G-13B(-V-0015),
G-13C(-V-0016),
G-13D(-V-0017),
G-13E(-V-0018),
G-13F(-V-0019),
G-14(-V-0020),
G-16(-V-0021),
G-20(-V-0024),
G-21(-V-0025),
G-22A(-V-0026),
G-22B(-V-0027),
G-23A(-V-0028A),
G-23B(-V-0028B),
G-26(-V-0031),
G-29(-V-0032),
G-30(-V-1015),
G-33(-V-0035),
G-33(V-0035),
G-34(-V-0036),
G-34(V-0036),
G-36A(-V-0038),
G-36B(-V-0037),
G-37A(-V-0040),
G-37B(-V-0039),
G-45A(-V-0045),
G-45B(-V-0046),
G-48(-V-0049),
G-49(-V-0050),
G-50(-V-0051),
G-53(-V-0052),
G-54(-V-0053),
G-56A(-V-0055),
G-56B(-V-0056),
G-66(-V-0057),
G-67(-V-0058),
G-68(-V-0059),
G-69(-V-0060),
G-70(-V-0061),
G-71(V-0071),
G-72(V-0071A),
G-73(-V-0062),
G-85(-V-0063),
G-90A(-V-0065),
G-90B(-V-0066),
G-90C(-V-0067),
G-90D(-V-0068),
G-90E(-V-0069),
G-90F(-V-0070),
G-98(-V-0072),
G-99(-V-0073),
G-105A(-V-0074),
G-105B(-V-0075),
G-106(-V-0076),
G-107(-V-0077),
G-108(-V-0078),
G-109(-V-0080),
G-109A(-V-0079),
G-121A(-V-0086),
G-121B(-V-0087),
G-201(-V-0201),
G-202(-V-0202),
G-203(-V-0203),
G-204(-V-0204),
G-205(-V-0205),
G-206(-V-0206),
G-207(-V-0207),
G-208(-V-0208),
GRE-1A(-V-0302),
GRE-1B(-V-0303),
H-01(V-0001),
H-02(V-0002),
H-03(V-0003),
H-04(V-0004),
H-05(V-0005),
H-06(V-0006),
H-07(V-0007),
H-08(V-0008),
H-10(V-0010),
H-12(V-0011),
H-13(V-0012),
H-14(V-0013),
H-15(V-0014),
H-16(V-0015),
H-17(V-0016),
H-18(V-0017),
H-19(V-0018),
H-19A(V-0018A),
H-20(V-0019),
H-21(V-0020),
H-22(V-0021),
H-23(V-0022),
H-24(V-0023),
H-25(V-0024),
H-25(V-0054),
H-26(V-0025),
H-29(V-0026),
H-30(V-0027),
H-31(V-0028),
H-32(V-0029),
H-33(V-0030),
H-34(V-0031),
H-35(V-0032),
H-36(V-0033),
H-37(V-0034),
H-40(V-0036),
H-41(V-0037),
H-46(V-0038),
H-57(V-0039),
H-58(V-0040),
H-61(V-0041),
H-62(V-0042),
H-63(V-0043),
H-64(V-0044),
H-65(V-0045),
H-66(V-0046),
H-72(V-0047),
H-79(V-0048),
H-81(V-0049),
H-82(V-0050),
H-83(V-0051),
H-84(V-0052),
H-86(V-0053),
H-88(V-0055),
H-89(V-0056),
H-90A(V-0057A),
H-90B(V-0057B),
H-90C(V-0057C),
H-90D(V-0057D),
H-92(V-0058),
H-93(V-0059),
H-94(V-0060),
H-95A(V-0061A),
H-95B(V-0061B),
H-95C(V-0061C),
H-96(V-0062),
H-97(V-0063),
H-98(V-0064),
H-99A(V-0065A),
H-99B(V-0065B),
H-99C(V-0065C),
H-99D(V-0065D),
H-99E(V-0065E),
H-99F(V-0065F),
H-99G(V-0065G),
H-99H(V-0065H),
H-99I(V-0065I),
H-100A(V-0066A),
H-100B(V-0066B),
H-100C(V-0066C),
H-100D(V-0066D),
H-101A(V-00101A),
H-101B(V-00101B),
H-101C(V-00101C),
H-101D(V-00101D),
H-102A(V-00102A),
H-102B(V-00102B),
H-103A(V-00103A),
H-103B(V-00103B),
H-103C(V-00103C),
H-103D(V-00103D),
H-103E(V-00103E),
H-103F(V-00103F),
H-104A(V-00104A),
H-104B(V-00104B),
H-104C(V-00104C),
H-132(V-1011),
H-133(V-1012),
HD-01A(V-1002A),
HD-01B(V-1002B),
HD-02A(V-1003A),
HD-02B(V-1003B),
HD-39(V-1004),
HV-01A(V-1001A),
HV-01B(V-1001B),
HV-02A(V-1005A),
HV-02B(V-1005B),
LOV-17HV-8017,
LOV-111(V-3113),
LOV-112(V-3109),
V0014A,
V0014B,
V0015A,
V0015B,
V0224,
V0225,
V1118,
V2018,
V3101,
V3102,
V3103,
V3104,
V3105,
V3106,
V3107,
V3108,
V3109,
V3110,
V3111,
V3112,
V3113,
V3114,
V3115,
V3117,
V3118,
V3119,
V3120,
V3121,
V3122,
V3123,
V3124,
V3125,
V3126,
V3156,
V4003,
V4004,
V-0042V-0044,
V-0044V-0042,
V-0044V-0045,
V-2001V-2002,
V-2002V-2001,
V-2003V-2004,
V-2004V-2003,
V-2007V-2005,
V-3105,
V-3107,
V-3112,
Y-01(-V-0001),
Y-02(-V-0002),
Y-03A(-V-0003A),
Y-03B(-V-0003B),
Y-04A(-V-0004A),
Y-04B(-V-0004B),
Y-07(-V-0005),
Y-08(-V-0006),
Y-09(-V-0007),
Y-10(-V-0008),
Y-11(-V-0009),
Y-18(-V-0010),
Y-21A(-V-0012A),
Y-21B(-V-0012B),
Y-26(-V-0013),
Y-28(-V-0014),
Y-29(-V-0015),
Y-32(-V-0017),
Y-33(-V-0018),
Y-33A(-V-0019),
Y-34A(-V-0020),
Y-34B(-V-0021),
Y-34C(-V-0022),
Y-35(-V-0074),
Y-37(V-0023),
Y-40(-V-0024),
Y-41(-V-0025),
Y-42(-V-0026),
Y-43(-V-0032),
Y-44(-V-2027),
Y-46(-V-0028),
Y-47(-V-0029),
Y-48(-V-0030),
Y-50A(-V-0033A),
Y-50B(-V-0033B),
Y-50C(-V-0033C),
Y-51A(-V-0034A),
Y-51B(-V-0034B),
Y-51C(-V-0034C),
Y-52(-V-0035),
Y-52A(-V-0036),
Y-53(-V-0037),
Y-53A(-V-0038),
Y-54(-V-0039),
Y-54A(-V-0040),
Y-54B(-V-0041),
Y-54C(-V-0083),
Y-54D(-V-0086),
Y-55(-V-0042),
Y-55A(-V-0043),
Y-55B(-V-0044),
Y-55C(-V-0084),
Y-55D(-V-0087),
Y-56(-V-0045),
Y-56A(-V-0046),
Y-56B(-V-0047),
Y-56C(-V-0085),
Y-56D(-V-0088),
Y-57A(-V-1050A),
Y-57B(-V-1050B),
Y-57C(-V-1050B),
Y-58A(-V-1051A),
Y-58B(-V-1051B),
Y-58C(-V-1051C),
Y-59(-V-0048),
Y-61(-V-0049),
Y-62(-V-0050),
Y-63(-V-0051),
Y-64(-V-0052),
Y-66(-V-0053),
Y-67(-V-0054),
Y-68(-V-0055),
Y-70(-V-0070),
Y-70A(-V-0057),
Y-71(-V-0071A),
Y-71A(-V-0059),
Y-72(-V-0060),
Y-73(-V-0073),
Y-75(-V-0062),
Y-76(-V-0063),
Y-83(-V-0064),
Y-84(-V-0065),
Y-84A(-V-0066),
Y-84A(-V-0095),
Y-84B(-V-0089),
Y-84C(-V-0092),
Y-85(-V-0067),
Y-85A(-V-0068),
Y-85A(-V-0096),
Y-85C(-V-0093),
Y-86(-V-0069),
Y-86A(-V-0070A),
Y-86A(-V-0097),
Y-86B(-V-0090),
Y-86B(-V-0091),
Y-86C(-V-0094),
Y-90(-V-0071),
Y-91(-V-0072),
Y-92(-V-0055),
Y-102(-V-0075),
Y-103(-V-0076),
Y-104(-V-0077),
Y-105(-V-0078),
Y-106(-V-0079),
Y-107(-V-0080),
Y-502(-V-0202),
Y-503C(-V-0203C),
Y-504A(-V-0204A),
Y-505(-V-0205),
Y-505A(-V-0220),
Y-506(-V-0206),
Y-506A(-V-0221),
Y-507(-V-0207),
Y-507A(-V-0022),
Y-507A(-V-0207A),
Y-508(-V-0208),
Y-509(-V-0209),
Y-510(-V-0210),
Y-511(-V-0211),
Y-512(-V-0212),
Y-513(-V-0213),
Y-514(-V-0214),
Y-515(-V-0215),
Y-517(-V-0217),
Y-518(-V-0218),
Y-519(-V-0219),
Y-601(-V-2031),
Y-602(-V-2032),
Y-603(-V-2033),
Y-604(-V-2034),
Y-605(-V-2035),
Y-654(V-2134),
YB-31(-V-0016),
YB-38(-V-0081),
YB-40(-V-0082),
YB-501(-V-0201),
YD-01(-V-2001),
YD-02(-V-2002),
YD-04A(-V-2021),
YD-04B(-V-2022),
YD-05(-V-3014),
YD-13(-V-3009),
YD-15(-V-3033),
YD-16(-V-3012),
YD-17(-V-3013),
YD-18(-V-3007),
YD-19(-V-3015),
YE-70(-V-1070),
YE-71(-V-1071),
YE-72(-V-1072),
YL-66A(-V-1066),
YL-66C(-V-1067),
YV-01(-V-1001),
YV-02(-V-1002),
YV-03(-V-1003),
YV-04(-V-1004),
YV-05(-V-2023),
YV-06(-V-2024),
YV-07(-V-2025),
YV-07A(-V-2025A),
YV-08(-V-2026),
YV-08A(-V-2026A),
