UNMODELED NO,PID PAGE
"305-AB-1-1/2""/C2",1
"305-AC-1-1/2""/C2",1
"305-AD-1-1/2""/C2",1
"311-AA-1-1/2""/C1.5",1
"311-AB-1-1/2""/C1.5",1
"321-AA-1-1/2""/C1.5",1
"321-AB-1-1/2""/C",1
"321-AB-1-1/2""/C1.5",1
521-V2008,1
"522-460-AA-1-1/2""/N",2
"522-460-AB-1-1/2""/N",2
"522-461-AA-1-1/2""/N",2
"522-461-AB-1-1/2""/N",2
"522-462-AA-1-1/2""/N",2
"522-462-AB-1-1/2""/N",2
522-V3031,2
522-V3032,2
522-V3033,2
522-V3034,2
522-V3035,2
522-V3036,2
522-V3041,2
522-V3042,2
522-V3043,2
522-V3044,2
522-V3045,2
522-V3046,2
522-V3051,2
522-V3052,2
522-V3053,2
522-V3054,2
522-V3055,2
522-V3056,2
522-V3061,2
522-V3062,2
522-V3063,2
522-V3064,2
522-V3065,2
522-V3066,2
522-V3071,2
522-V3072,2
522-V3073,2
522-V3074,2
522-V3075,2
522-V3076,2
522-V3078,2
522-V3079,2
522-V3080,2
522-V3081,2
522-V3083,2
522-V3084,2
522-V3131,2
522-V3132,2
522-V3145,2
522-V3146,2
522-V3151,2
522-V3152,2
522-V3165,2
522-V3166,2
522-V3175,2
522-V3176,2
522-V3183,2
522-V3184,2
"580-B-2-1/2""/C1.5",4
"581-AA-1/2""/C1.5",4
"581-AB-1/2""/C1.5",4
"581-AC-1/2""/C1.5",4
"581-AD-1/2""/C1.5",4
"581-BA-1-1/2""/C1.5",4
"581-DA-1-1/2""/C1.5",4
"583-BA-1-1/2""/C2",4
"583-BB-1-1/2""/C2",4
"583-BC-1-1/2""/C2",4
"583-BD-1-1/2""/C2",4
"583-BF-1-1/2""/C2",4
"583-GA-2-1/2""/C2",4
"584-AA-1-1/2""/C2",4
"584-AB-1-1/2""/C2",4
"584-AD-1-1/2""/C2",4
"584-AE-1-1/2""/C2",4
"584-AF-1-1/2""/C2",4
"585-CA-2-1/2""/C2",4
"591-C-1-1/2""/N",4
"591-D-1-1/2""/N",4
"591-E-1-1/2""/N",4
"591-F-1-1/2""/N",4
"591-G-1-1/2""/N",4
"591-H-1-1/2""/N",4
V0001,1
V0002,1
V0003,1
V0004,1
V0005,1
V0007,1
V0008,1
V0009,1
V0010,1
V0011,2
V0012,2
V0013,2
V0014,2
V0016,2
V0017,2
V0018,2
V0019,2
V0020,2
V0021,2
V0022,2
V0023,2
V0024,2
V0025,2
V0026,2
V0027,2
V0028,2
V0029,2
V0030,2
V0031,2
V0032,2
V0033,1
V0034,1
V0035,1
V0036,1
V0037,1
V0038,1
V0039,1
V0040,1
V0041,1
V0042,1
V0043,1
V0044,1
V0049,4
V0050,4
V0051,4
V0052,4
V0071,4
V0072,4
V0073,4
V0074,4
V0078,4
V0079,4
V0080,4
V0096,2
V0151,1
V0152,1
V0153,1
V0154,1
V0201,1
V0203,1
V0204,1
V0205,1
V0206,1
V0207,1
V0208,1
V0217,3
V0224,1
V0225,1
V0248,1
V0249,1
V0253,1
V0256,1
V0257,1
V0258,1
V0259,1
V0260,1
V0261,1
V0262,1
V0263,1
V0264,1
V0265,1
V0901,1
V0902,1
V0903,1
V0904,1
V0905,1
V0906,1
V0907,1
V0908,1
V0911,1
V0912,1
V0913,1
V0914,1
V0915,1
V0916,1
V0921,1
V0922,1
V0923,1
V0924,1
V0925,1
V0926,1
V1016,4
V1017,4
V1058,3
V1101,4
V1102,4
V1103,4
V1104,4
V1105,4
V1106,4
V1107,4
V1108,4
V1109,4
V1110,4
V1111,4
V1112,4
V1113,4
V1115,4
V1116,4
V1117,4
V1118,4
V1119,4
V1120,4
V1201,1
V1203,1
V1204,1
V1205,1
V1206,1
V1301,1
V1302,1
V1305,1
V1306,1
V1307,1
V1308,1
V1309,1
V1310,1
V1311,1
V1312,1
V1313,1
V1314,1
V1315,1
V1316,1
V1317,1
V1318,1
V1319,1
V1320,1
V1321,1
V1322,1
V1323,1
V1324,1
V1325,1
V1326,1
V1327,1
V1328,1
V1329,1
V1330,1
V1331,1
V1332,1
V1333,1
V1334,1
V1335,1
V1336,1
V1501,2
V1502,2
V1503,2
V1504,2
V1505,2
V1506,2
V1507,2
V1508,2
V1511,2
V1512,2
V2008,1
V2009,1
V2010,1
V2011,1
V2012,1
V2013,1
V2014,1
V2015,1
V2016,1
V2017,1
V2018,1
V2019,1
V2037,1
V2038,1
V2046,1
V2047,1
V2050,1
V2051,1
V2052,1
V2054,1
V2055,1
V2067,1
V2068,1
V2069,1
V2071,1
V2072,1
V2073,1
V2075,1
V2076,1
V2077,1
V2080,4
V2081,4
V2167,1
V2168,1
V2169,1
V2171,1
V2172,1
V2173,1
V2175,1
V2176,1
V2177,1
V2212,1
V2213,1
V2214,1
V2215,1
V2216,1
V2217,1
V2218,1
V2219,1
V2220,1
V2221,1
V2222,1
V2223,1
V2301,1
V2302,1
V2303,1
V2304,1
V2305,1
V2306,1
V2309,1
V2310,1
V2311,1
V2312,1
V2313,1
V2314,1
V2315,1
V2316,1
V3001,4
V3002,4
V3003,4
V3005,4
V3006,4
V3007,4
V3008,4
V3010,4
V3341,2
V3342,2
V3343,2
V3344,2
V3351,2
V3352,2
V3353,2
V3354,2
