LINE NO,중복
11LAB61-BR001-BB1N-DN300
11LAB61-BR304-BB1N-DN20
11LAB61-BR303-BB1N-DN20
11LAB61-BR301-BB1N-DN20
11LAB61-BR302-BB1N-DN20
11LAB61-BR003-BB1N-DN200
11LAB62-BR002-CB2B-DN300
11LAB61-BR401-BB1N-DN25
11LAB61-BR402-BB1N-DN25
11LAB61-BR403-BB1N-DN25
11LAB62-BR004-CB2B-DN300
11LAB61-BR311-BB1N-DN20
11LAB61-BR313-BB1N-DN20
1HAC10-BR501-CB2B-DN25
11HAC10-BR502-CB2B-DN25
11HAC10-BR503-CB2B-DN25
11HAC10-BR504-CB2B-DN25
11HAC10-BR505-CB2B-DN25
11HAC10-BR506-CB2B-DN25
11HAC10-BR507-CB2B-DN25
11HAC10-BR508-CB2B-DN25
11HAC10-BR509-CB2B-DN25
11HAC10-BR408-CB2B-DN50
11HAC10-BR414-CB2B-DN50
11HAC20-BR401-HB3N-DN50
11HAC20-BR402-HB3N-DN50
11LAB63-BR401-CB2B-DN25
11HAC10-BR401-CB2B-DN25
11HAC10-BR402-CB2B-DN25
11HAC10-BR403-CB2B-DN25
11HAC10-BR404-CB2B-DN25
11HAC10-BR405-CB2B-DN25
11HAC10-BR406-CB2B-DN25
11HAC10-BR407-CB2B-DN25
11HAC10-BR409-CB2B-DN25
11HAC10-BR410-CB2B-DN25
11HAC10-BR411-CB2B-DN25
11HAC10-BR413-CB2B-DN25
11LAB62-BR003-CB2B-DN200
11HAC10-BR301-CB2B-DN20
11LAB61-BR002-BB1N-DN300
11LAB63-BR002-CB2B-DN80
11LAB63-BR003-CB2B-DN80
11LAB63-BR001-CB2B-DN80
11HAC20-BR501-CB2N-DN25
11LAB63-BR004-CB2B-DN80
11LAB62-BR005-CB2B-DN300
11HAC10-BR511-CB2B-DN25
11LAB61-BR101-BB1N-DN100
11HAC10-BR510-CB2B-DN25
11HAC10-BR412-CB2B-DN25
11LAB61-BR014-BB1N-DN300
11LAB62-BR014-CB2B-DN300
11LAB62-BR401-CB2B-DN25
11LAB62-BR402-HB3N-DN25
11LAB62-BR501-CB2B-DN25
11LAB62-BR502-CB2N-DN25
11LAB61-BR306-BB1N-DN20
11LAB61-BR305-BB1N-DN20
11LAB61-BR307-BB1N-DN20
11LAB62-BR309-CB2B-DN20
11LAB62-BR308-CB2B-DN20
11LAB62-BR310-CB2B-DN20
11HAD10-BR312-CB3B-DN25
11HAD10-BR311-CB3B-DN25
11HAD10-BR314-CB3B-DN25
11HAD10-BR313-CB3B-DN25
11HAD10-BR307-CB3B-DN25
11HAD10-BR310-CB3B-DN25
11HAD10-BR309-CB3B-DN25
11HAD10-BR302-CB3B-DN20
11HAD10-BR301-CB3B-DN20
11HAD10-BR303-CB3B-DN20
11HAD10-BR304-CB3B-DN20
11HAD10-BR191-HB3N-DN400
11HAD10-BR192-HB3N-DN400
11HAD10-BR308-CB3B-DN25
11HAD10-BR404-HB3N-DN25
11HAD10-BR407-CB3B-DN25
11QCC10-BR603-BD1B-DN25
11QJA10-BR002-CB3N-DN25
11HAD10-BR410-EA1N-DN150
11HAD10-BR409-CB2B-DN40
11HAD10-BR417-CB3B-DN50
11HAD10-BR418-EA1N-DN150
11HAD10-BR402-HB3N-DN25
11HAD10-BR403-CB3B-DN25
11QUW10-BR601-CB3B-DN20
11QUB10-BR601-CB3B-DN20
11QJA10-BR001-HB3N-DN25
11HAD10-BR501-CB3B-DN25
11HAD10-BR194-HB3N-DN150
11HAD10-BR421-HB3N-DN50
11HAD10-BR405-HB3N-DN25
11HAD10-BR406-HB3N-DN25
11QUB10-BR603-BD2N-DN15
11QUW10-BR603-BD2N-DN15
11HAD10-BR193-HB3N-DN150
11QCC10-BR602-BD1N-DN25
11QCC10-BR601-BD3N-DN25
11HAD10-BR315-CB3B-DN25
11HAD10-BR316-CB3B-DN25
11HAD10-BR306-CB3B-DN25
11HAD10-BR305-CB3B-DN25
11HAD10-BR408-HB3N-DN25
11HAD10-BR401-CB3B-DN25
11HAD10-BR502-CB3N-DN25
11QUB10-BR602-CB3N-DN20
11QUW10-BR602-CB3N-DN20
11HAH10-BR402-CA1B-DN50
11LAE10-BR402-BB1N-DN25
11LAE10-BR302-BB1N-DN20
11LAE10-BR304-BB1N-DN20
11LAE10-BR001-BB1N-DN80
11LAE10-BR303-BB1N-DN20
11LAE10-BR301-BB1N-DN20
11LBA10-BR403-BA1B-DN50
11LAE10-BR401-BB1N-DN25
11LBA10-BR404-GA3N-DN50
11HAH10-BR403-HA1N-DN50
11LAE30-BR001-AA2B-DN80
11LBA10-BR405-BA1B-DN25
11LBA10-BR425-BA1N-DN25
11LBA10-BR422-BA1N-DN300
11QUB20-BR603-AD1N-DN15
11QUB20-BR601-BA1B-DN20
11LBA10-BR305-BA1B-DN20
11HAH10-BR502-BA2N-DN25
11HAH10-BR401-CA1B-DN100
11LBA10-BR423-BA1N-DN50
11LBA10-BR424-GA3N-DN50
11QUB20-BR602-BA1N-DN20
11LBA10-BR001-BA1B-DN400
11LAE40-BR402-BB1N-DN25
11LAE40-BR302-BB1N-DN20
11LAE40-BR301-BB1N-DN20
11LAE40-BR303-BB1N-DN20
11LAE40-BR304-BB1N-DN20
11LAE40-BR401-BB1N-DN25
11LAE40-BR001-BB1N-DN80
11LAE40-BR002-BB1N-DN80
11LAE50-BR001-CB1B-DN80
11LAE50-BR002-CB1B-DN80
11LAE60-BR001-AA1B-DN80
11LBA10-BR406-BA1B-DN25
11LBA10-BR307-BA1B-DN20
11LBA10-BR306-BA1B-DN20
11LAE10-BR002-BB1N-DN80
11LAE20-BR001-CB1B-DN80
11LBA10-BR191-GA1N-DN500
11LBA10-BR192-GA1N-DN150
11LBA10-BR411-HB3N-DN25
11LBA10-BR501-BA1B-DN50
11LBA10-BR503-GA1N-DN50
1LBA10-BR304-BA1B-DN20
11LBA10-BR303-BA1B-DN20
11LBA10-BR302-BA1B-DN20
11LBA10-BR301-BA1B-DN20
11LBA10-BR415-BA1B-DN25
11LBA10-BR412-BA1B-DN300
11LBA10-BR413-BA1B-DN50
11LBA10-BR414-GA3N-DN50
11HAH10-BR412-BA2B-DN50
11HAH10-BR413-GA6N-DN50
11HAH10-BR411-BA2B-DN25
11HAH10-BR501-BA2B-DN25
11LBA10-BR402-BA1B-DN300
11LBA10-BR502-BA1N-DN50
11LAE20-BR002-CB1B-DN80
11LAE50-BR401-CB1B-DN25
11LAE50-BR402-HB3N-DN25
11LBA10-BR308-BA1B-DN20
11LBA10-BR193-GA1N-DN500
11LBA10-BR416-HB3N-DN25
11LBA10-BR194-GA1N-DN100
11LBA10-BR002-BA1N-DN400
11QUB30-BR602-DD1N-DN15
11QUB30-BR601-DA3N-DN20
11LBC10-BR301-DA6N-DN20
11LBC10-BR302-DA6N-DN20
11HAJ10-BR402-DA4B-DN50
11LAF10-BR402-DB1N-DN25
11LAF10-BR302-DB1N-DN20
11LAF10-BR304-DB1N-DN20
11LAF10-BR001-DB1N-DN80
11LAF10-BR303-DB1N-DN20
11LAF10-BR301-DB1N-DN20
11LAF10-BR401-DB1N-DN25
11LBB10-BR304-DA3N-DN20
11LBB10-BR303-DA3N-DN20
11LBB10-BR302-DA3N-DN20
11LBB10-BR301-DA3N-DN20
11LBB10-BR402-DA3N-DN50
11LBC10-BR001-DA6N-DN650
11HAJ10-BR401-DA4B-DN25
11HAJ10-BR403-GA6N-DN50
11HAJ20-BR401-DA4B-DN25
11LAF30-BR001-DA2B-DN80
11LBB10-BR421-HB3N-DN50
11LBC10-BR191-HB3N-DN450
11LBC10-BR192-HB3N-DN450
11LBC10-BR195-HB3N-DN250
11LBC10-BR193-HB3N-DN250
11LBB10-BR191-GA1N-DN450
11LBB10-BR192-GA1N-DN250
11LBB10-BR305-DA3N-DN20
11LBB10-BR306-DA3N-DN20
11LBB10-BR405-DA3N-DN25
11HAJ20-BR402-DA4B-DN50
11HAJ20-BR403-GA6N-DN50
11LBC10-BR411-HB3N-DN25
11LBC10-BR412-HB3N-DN25
11LBB10-BR413-HB3N-DN25
11HAJ10-BR501-DA4B-DN25
11HAJ10-BR502-DA4N-DN25
11LBB10-BR401-DA3N-DN300
11LBB10-BR403-GA3N-DN50
11LAF40-BR402-DB1N-DN25
11LAF40-BR304-DB1N-DN20
11LAF40-BR303-DB1N-DN20
11LAF40-BR301-DB1N-DN20
11LAF40-BR302-DB1N-DN20
11LAF40-BR401-DB1N-DN25
11LAF40-BR001-DB1N-DN80
11LAF60-BR001-DA1B-DN80
11LAF50-BR002-EB5B-DN80
11LAF50-BR001-EB5B-DN80
11LBC10-BR501-DA6N-DN25
11LBB10-BR503-GA1N-DN50
11LBB10-BR501-DA3N-DN50
11LBB10-BR502-DA3N-DN25
11LBB10-BR001-DA3N-DN650
11LAF20-BR401-EB5B-DN25
11LAF20-BR402-HB3N-DN25
11LAF20-BR001-EB5B-DN80
11LAF20-BR002-EB5B-DN80
11LAF10-BR002-DB1N-DN80
11LAF40-BR002-DB1N-DN80
11LBB10-BR307-DA3N-DN20
11LBB10-BR308-DA3N-DN20
11LBB10-BR194-GA1N-DN150
11LBB10-BR193-GA1N-DN300
11LBB10-BR416-HB3N-DN25
11LBB10-BR002-DA3N-DN650
11LBC10-BR004-DA6N-DN650
11HAC30-BR504-DB2N-DN25
11HAC30-BR401-DB2B-DN25
11HAC30-BR402-DB2B-DN25
11LAB64-BR001-DB1N-DN100
11LAB65-BR301-DB2B-DN20
11LAB65-BR303-DB2B-DN20
11HAC30-BR403-DB2B-DN25
11HAC30-BR404-DB2B-DN25
11HAC30-BR405-DB2B-DN50
11HAC40-BR401-HB3N-DN50
11HAC30-BR410-DB2B-DN25
11HAC30-BR411-DB2B-DN25
11HAC30-BR304-DB2B-DN20
11HAC30-BR305-DB2B-DN20
11HAC30-BR302-DB2B-DN20
11HAC30-BR303-DB2B-DN20
11HAC30-BR301-DB2B-DN20
11LAB65-BR511-HB3N-DN50
11LAB65-BR002-DB2B-DN100
11HAC30-BR001-DB2B-DN100
11HAC30-BR002-DB2B-DN80
11HAC30-BR008-DA5B-DN80
11HAC30-BR009-DA5B-DN80
11HAC30-BR503-DB2B-DN25
11HAC30-BR502-DB2B-DN25
11HAC30-BR501-DB2B-DN25
11HAC30-BR004-DB2B-DN80
11HAC30-BR006-DA5B-DN80
11HAC30-BR007-DA5B-DN80
11LAB64-BR101-DB1N-DN100
11LAB65-BR501-DB2B-DN25
11HAC30-BR005-DB2B-DN80
11LAB65-BR502-DB2N-DN25
11HAC30-BR015-DB2B-DN80
11HAC30-BR018-DA5B-DN80
11HAC30-BR003-DB2N-DN80
11HAD20-BR310-EB2B-DN25
11HAD20-BR309-EB2B-DN25
11HAD20-BR312-EB2B-DN25
11HAD20-BR311-EB2B-DN25
11HAD20-BR314-EB2B-DN25
11HAD20-BR313-EB2B-DN25
11HAD20-BR307-EB2B-DN25
11HAD20-BR304-EB2B-DN20
11HAD20-BR191-HB3N-DN200
11HAD20-BR192-HB3N-DN200
11HAD20-BR421-HB3N-DN50
11HAD20-BR308-EB2B-DN25
11HAD20-BR401-EB2B-DN25
11HAD20-BR501-EB2B-DN25
11QJA20-BR002-EB2N-DN25
11HAD20-BR410-GA4N-DN150
11HAD20-BR409-EB1B-DN40
11HAD20-BR417-EB1B-DN40
11HAD20-BR418-GA4N-DN150
11QUW20-BR603-DD2N-DN15
11QUB40-BR603-DD2N-DN15
11QCC20-BR603-DD1B-DN25
11HAD20-BR402-HB3N-DN25
11HAD20-BR403-EB2B-DN25
11HAD20-BR404-HB3N-DN25
11HAD20-BR405-HB3N-DN25
11HAD20-BR406-HB3N-DN25
11HAD20-BR194-HB3N-DN80
11QUW20-BR601-EB1B-DN20
11QJA20-BR001-HB3N-DN25
11HAD20-BR193-HB3N-DN80
11QCC20-BR601-ED1N-DN25
11QCC20-BR602-DD1N-DN25
11HAD20-BR502-EB2N-DN25
11QUB40-BR601-EB2B-DN20
11HAD20-BR315-EB2B-DN25
11HAD20-BR316-EB2B-DN25
11HAD20-BR302-EB2B-DN20
11HAD20-BR301-EB2B-DN20
11HAD20-BR303-EB2B-DN20
11HAD20-BR306-EB2B-DN25
11HAD20-BR305-EB2B-DN25
11HAD20-BR407-EB2B-DN25
11HAD20-BR408-HB3N-DN25
11QUB40-BR602-EB2N-DN20
11QUW20-BR602-EB1N-DN20
11LBA20-BR402-EB2B-DN50
11QUB50-BR603-DD2N-DN15
11LBA20-BR301-EB2B-DN20
11LBA20-BR306-EB2B-DN20
11LBA20-BR307-EB2B-DN20
11LBA20-BR305-EB2B-DN20
11LBA20-BR304-EB2B-DN20
11LBA20-BR415-DA6N-DN50
11LBA20-BR417-DA6N-DN25
11LBA20-BR403-HB3N-DN50
11LBA20-BR314-EB2B-DN20
11LBA20-BR421-HB3N-DN25
11LBA20-BR501-EB2B-DN50
11LBA20-BR003-DA6N-DN200
11LBA20-BR192-HB3N-DN80
11LBA20-BR414-DA6N-DN150
11QUB50-BR601-EB2B-DN20
11LBA20-BR191-HB3N-DN200
11LBA20-BR401-EB2B-DN150
11LBA20-BR001-EB2B-DN200
11LBA20-BR503-HB3N-DN50
11LBA20-BR416-GA1N-DN50
11LBA20-BR404-EB2B-DN25
11LBA20-BR303-EB2B-DN20
11QUB50-BR602-EB2N-DN20
11LBA20-BR502-EB2N-DN50
11LBA20-BR002-EB2N-DN200
11LBA20-BR413-EB2B-DN25
11LBA20-BR308-EB2B-DN20
11LBA20-BR194-HB3N-DN80
11LBA20-BR193-HB3N-DN200
11LBA20-BR418-HB3N-DN25
11LAB66-BR402-EB3B-DN25
11HAD30-BR301-HB1B-DN20
11HAD30-BR191-HB3N-DN200
11HAD30-BR192-HB3N-DN200
11HAD30-BR421-HB3N-DN50
11HAD30-BR501-HB1B-DN25
11QJA30-BR003-HB1B-DN25
11LAB01-BR004-GB2B-DN350
11QUB60-BR602-GC1N-DN50
11LAB66-BR401-EB3B-DN25
11LAB66-BR001-EB3B-DN250
11LAB66-BR004-GA2B-DN250
11LAA10-BR005-HB3N-DN50
11HAD30-BR411-HA2N-DN100
11HAD30-BR410-GB3B-DN50
11HAD30-BR402-HB3N-DN25
11HAD30-BR403-HB1B-DN25
11HAD30-BR406-HB3N-DN25
11HAD30-BR405-HB3N-DN25
11LAB04-BR010-BB1B-DN200
11LAB04-BR011-BB1B-DN200
11HAD30-BR302-HB1B-DN20
11HAD30-BR303-HB1B-DN20
11HAD30-BR304-HB1B-DN20
11HAD30-BR309-HB1B-DN25
11HAD30-BR310-HB1B-DN25
11HAD30-BR311-HB1B-DN25
11HAD30-BR312-HB1B-DN25
11HAD30-BR307-HB1B-DN25
11HAD30-BR313-HB1B-DN25
11HAD30-BR314-HB1B-DN25
11HAD30-BR308-HB1B-DN25
11QUW30-BR601-GB2B-DN20
11QUB60-BR601-HB1B-DN50
11QJA30-BR001-HB3N-DN25
11LAA10-BR001-HB1B-DN50
11HAD30-BR193-HB3N-DN100
11HAD30-BR195-HB3N-DN150
11HAD30-BR404-HB3N-DN25
11LAB66-BR005-GA2B-DN350
11LCQ10-BR502-HB1B-DN200
11LCQ10-BR503-HB1B-DN20
11LCQ10-BR504-HB1N-DN25
11HAD30-BR502-HB1N-DN25
11LAA10-BR002-HB1N-DN50
11LCQ10-BR501-HB1N-DN200
11LAB66-BR006-GA5B-DN250
11LAB66-BR007-GA5B-DN250
11QJA30-BR002-HB1N-DN25
11QUW30-BR602-GC1N-DN15
11LAB01-BR005-GB2N-DN350
11LAA10-BR501-HB1B-DN25
11LAA10-BR502-HB1N-DN25
11LBC20-BR003-GA1B-DN250
11LBC10-BR011-DA6N-DN100
11HAD30-BR305-HB1B-DN25
11HAD30-BR401-HB1B-DN25
11HAD30-BR306-HB1B-DN25
11HAD30-BR407-HB1B-DN25
11HAD30-BR315-HB1B-DN25
11HAD30-BR316-HB1B-DN25
11LAB66-BR003-GA2B-DN250
11LAB66-BR002-EB3B-DN250
11HAD30-BR408-HB3N-DN25
11LAA66-BR501-GA2B-DN25
11LAA66-BR502-GA2N-DN20
11LAB66-BR013-GA2B-DN250
11LAB66-BR012-EB3B-DN250
11LBA30-BR191-HB3N-DN250
11LBA30-BR503-HB3N-DN50
11LBA30-BR301-GB2B-DN20
11LBA30-BR306-GB2B-DN20
11LBA30-BR305-GB2B-DN20
11LBA30-BR304-GB2B-DN20
11LBA30-BR303-GB2B-DN20
11LBA30-BR411-GB2B-DN50
11LBA30-BR413-GB2B-DN25
11LBA30-BR317-GB2B-DN25
11LBA30-BR318-GB2B-DN25
11LBA30-BR315-GB2B-DN25
11LBA30-BR316-GB2B-DN25
11QUB70-BR601-GB2B-DN50
11QUB70-BR602-GC1N-DN50
11LBA30-BR302-GB2B-DN20
11LBA30-BR501-GB2B-DN50
11LBA30-BR192-HB3N-DN100
11LBA30-BR421-HB3N-DN25
11LBA30-BR412-HB3N-DN50
11LBA30-BR404-GB2B-DN25
11LBA30-BR309-GB2B-DN25
11LBA30-BR310-GB2B-DN25
11LBA30-BR307-GB2B-DN25
11LBA30-BR308-GB2B-DN25
11LBA30-BR402-GB2B-DN50
11LBA30-BR403-HB3N-DN50
11LBA30-BR401-GB2B-DN300
11LBA30-BR410-GB2B-DN300
11LBA30-BR001-GB2B-DN350
11LBA30-BR321-GB2B-DN20
11LBA30-BR002-GB2N-DN350
11LBA30-BR414-GB2B-DN25
11LBA30-BR416-GB2N-DN50
11LBA30-BR417-HB3N-DN50
11LBA30-BR313-GB2N-DN25
11LBA30-BR314-GB2N-DN25
11LBA30-BR311-GB2N-DN25
11LBA30-BR312-GB2N-DN25
11LBA30-BR415-GB2N-DN300
11LBA30-BR418-GB2N-DN25
11LBA30-BR502-GB2N-DN50
11LBA30-BR319-GB2B-DN20
11LBA30-BR194-HB3N-DN100
11LBA30-BR193-HB3N-DN200
11LBA30-BR419-HB3N-DN25
11LCA20-BR304-EB3B-DN20
11LCA20-BR303-EB3B-DN20
11LCA20-BR302-EB3B-DN20
11LCA20-BR301-EB3B-DN20
11LCA20-BR307-EB3B-DN20
11LCC10-BR408-EB3B-DN50
11LCC20-BR401-HB3N-DN50
11LCC10-BR406-EB3B-DN25
11LCC10-BR405-EB3B-DN25
11LCC10-BR404-EB3B-DN25
11LCC10-BR403-EB3B-DN25
11LCC10-BR402-EB3B-DN25
11LCC10-BR401-EB3B-DN25
11LCC10-BR503-EB3B-DN25
11LCC10-BR504-EB3B-DN25
11LCC10-BR501-EB3B-DN25
11LCC10-BR502-EB3B-DN25
11LCB10-BR301-EB3N-DN20
11LCB10-BR401-EB3N-DN25
11LCB10-BR302-EB3N-DN20
11LCB10-BR305-EB3N-DN20
11LCB10-BR303-EB3N-DN20
11LCB10-BR404-EB3N-DN25
11LCB10-BR304-EB3N-DN20
11LCB20-BR302-EB4N-DN20
11LCB20-BR301-EB4N-DN20
11LCB10-BR306-EB3N-DN20
11LCB30-BR303-EB4N-DN20
11LCB30-BR304-EB4N-DN20
11LCB30-BR301-EB4N-DN20
11LCB30-BR302-EB4N-DN20
11LCB10-BR001-EB3B-DN150
11LCB10-BR002-EB3B-DN150
11LCB30-BR003-EB4N-DN150
11LCB40-BR002-EB3B-DN150
11LCA20-BR191-HB3N-DN80
11LCA10-BR001-GB1N-DN250
11LCB10-BR003-EB3B-DN150
11LCB10-BR005-EB3N-DN150
11LCB10-BR004-EB3N-DN150
11LCB20-BR002-EB4N-DN150
11LCB20-BR001-EB4N-DN150
11LCA20-BR002-EB3B-DN200
11LCA20-BR003-EB3B-DN250
11LCC10-BR005-EB3B-DN300
11LCC10-BR507-EB3N-DN25
11LCB20-BR401-EB4N-DN25
11LCB10-BR402-EB3N-DN25
11LCB10-BR405-EB3N-DN25
11LCB20-BR403-EB4N-DN25
11LCB20-BR502-EB4N-DN25
11LCB20-BR501-EB4N-DN25
11LCB20-BR421-HB3N-DN25
11LCB20-BR411-HB3N-DN25
11LCA10-BR101-GB1N-DN80
11LCA20-BR306-EB3B-DN20
11LCA20-BR401-EB3B-DN25
11LCA20-BR012-EB3B-DN200
11LCC10-BR407-EB3B-DN25
11LCC10-BR505-EB3B-DN25
11LCC10-BR506-EB3B-DN25
11LCB50-BR001-EB4N-DN80
11LCB50-BR002-EB4B-DN80
11LCB10-BR406-HB3N-DN25
11LCB10-BR404-HB3N-DN25
11LCB10-BR403-HB3N-DN25
11LCB10-BR402-HB3N-DN25
11LCB30-BR501-EB4N-DN25
11LCA20-BR013-EB3B-DN300
11LCA20-BR411-EB3B-DN25
11LCA20-BR412-HB3N-DN25
11LCQ10-BR301-HB1N-DN25
11LCQ10-BR307-HB1N-DN20
11LCQ20-BR301-HB3N-DN25
11LCQ20-BR302-HB3N-DN25
11LCQ20-BR303-HB3N-DN25
11LCQ20-BR304-HB3N-DN25
11LCQ10-BR411-HB1N-DN25
11LCQ20-BR307-HB3N-DN20
11LCQ10-BR003-HA2N-DN150
11LCQ10-BR191-HB3N-DN200
11LCQ10-BR005-HA2N-DN80
11LCQ10-BR004-HB1N-DN80
11LCQ10-BR001-HB1N-DN80
11LCQ20-BR411-HB3N-DN150
11LCQ20-BR501-HB3N-DN600
11HAN20-BR421-HB3N-DN50
11LCQ10-BR305-HB1N-DN25
11LCQ10-BR306-HB1N-DN25
11LCQ10-BR304-HB1N-DN25
11LCQ10-BR303-HB1N-DN25
11LCQ10-BR302-HB1N-DN25
11LCQ10-BR421-HB3N-DN25
11LCQ20-BR305-HB3N-DN25
11LCQ20-BR306-HB3N-DN25
11LCQ10-BR402-HB3N-DN25
11LCQ20-BR402-HB3N-DN25
11LCQ40-BR303-HB3N-DN20
11LCQ30-BR405-HB3N-DN150
11LCQ30-BR313-HB3N-DN20
11LCQ30-BR314-HB3N-DN20
11LCQ30-BR315-HB3N-DN20
11LCQ30-BR413-HB3N-DN25
11LCQ40-BR406-HB3N-DN100
11LCQ40-BR302-HB3N-DN20
11LCQ30-BR403-HB3N-DN150
11LCQ30-BR310-HB3N-DN20
11LCQ30-BR311-HB3N-DN20
11LCQ30-BR312-HB3N-DN20
11LCQ30-BR410-HB3N-DN25
11LCQ40-BR301-HB3N-DN20
11LCQ40-BR304-HB3N-DN20
11LCQ30-BR411-HB3N-DN25
11LCQ30-BR414-HB3N-DN25
11LCQ10-BR192-HB3N-DN150
11LCQ10-BR401-HB1N-DN25
11LCQ20-BR401-HB3N-DN25
11LCQ40-BR401-HB3N-DN25
11LCQ40-BR404-HB3N-DN25
11LCQ10-BR002-HA2N-DN150
11LCQ20-BR001-HA2N-DN250
11LCQ20-BR003-HB5N-DN200
11LCQ20-BR002-HA2N-DN250
11LCQ20-BR004-HB3N-DN50
11LCQ30-BR416-HB3N-DN25
11LCQ30-BR417-HB3N-DN25
11LCQ40-BR407-HB3N-DN100
11LCQ40-BR405-HB3N-DN25
11LCQ30-BR415-HB3N-DN25
11LCQ30-BR412-HB3N-DN25
11LCQ40-BR402-HB3N-DN25
11LCQ10-BR011-HB1N-DN100
11HNA10-BR301-HC2N-DN20
11HNE10-BR401-HC1N-DN50
11HNA10-BR302-HC2N-DN20
11HNA10-BR303-HC2N-DN020
11HNA10-BR304-HC2N-DN20
11HNA10-BR308-HC2N-DN20
11HNA10-BR310-HC2N-DN20
11HNA10-BR330-HC2N-DN20
11HNA10-BR350-HC1N-DN20
11HNA10-BR360-HC1N-DN20
11HNE10-BR402-HC1N-DN50
11HNA10-BR307-HC2N-DN20
11QJA40-BR001-HB3N-DN25
11HNA10-BR306-HC2N-DN20
11HNA10-BR305-HC2N-DN20
11HNA10-BR341-HC1N-DN20
11HNA10-BR340-HC1N-DN20
11SHM20-BR401-HB3N-DN25
11SHM20-BR402-HB3N-DN25
11SHM20-BR403-HB3N-DN25
11SHM20-BR406-HB3N-DN25
11SHM10-BR010-HB3N-DN50
11SHM10-BR020-HB3N-DN50
11SHM10-BR040-HB3N-DN50
11SHM20-BR410-HB3N-DN25
11SHM20-BR415-HB3N-DN25
11SHM20-BR412-HB3N-DN25
11SHM20-BR414-HB3N-DN25
11SHM20-BR411-HB3N-DN25
11SHM20-BR413-HB3N-DN25
11SHM20-BR408-HB3N-DN25
11SHM20-BR409-HB3N-DN25
11SHM10-BR060-HB3N-DN50
11SHM20-BR416-HB3N-DN25
11SHM20-BR417-HB3N-DN25
11SHM20-BR407-HB3N-DN25
11PGB71-BR001-HB4N-DN80
11PGB72-BR001-HB4N-DN80
11QFB71-BR001-HC3N-DN50
11QFB72-BR001-HC3N-DN20
11QFB72-BR002HC3N-DN20
11QFB72-BR003-HC3N-DN20
11QFB72-BR004-HC3N-DN20
11QFB72-BR005-HC3N-DN20
11QFB72-BR006-HC3N-DN20
11QFB72-BR008-HC3N-DN20
11QFB72-BR010-HC3N-DN20
11QFB72-BR011-HC3N-DN20
11QFB72-BR013-HC3N-DN20
11QFB72-BR014-HC3N-DN20
11QFB72-BR015HC3N-DN20
11QFB72-BR016-HC3N-DN20
11QFB72-BR018-HC3N-DN20
11QFB72-BR019-HC3N-DN20
11QFB72-BR020-HC3N-DN20
11QFB72-BR031-HC3N-DN40
11QFB72-BR033-HC3N-DN25
11PGB71-BR401-HB4N-DN25
11PGB72-BR401-HB4N-DN25
11QFB72-BR032-HC3N-DN20
11QFB72-BR009-HC3N-DN20
11PGB71-BR191-HB4N-DN25
11PGB71-BR192-HB4N-DN25
11PGB71-BR193-HB4N-DN25
11PGB71-BR194-HB4N-DN25
11QFB72-BR041-HC3N-DN20
11QFB72-BR042-HC3N-DN20
11QFB72-BR043-HC3N-DN20
11QFB72-BR044-HC3N-DN20
11QEB73-BR001-HC3N-DN50
11QEB74-BR001-HC3N-DN25
11QEB74-BR002HC3N-DN25
11QEB74-BR003-HC3N-DN25
11QEB74-BR004-HC3N-DN25
11GHD41-BR001-HB4N-DN50
11GHD42-BR001-HB4N-DN25
11GHD42-BR002-HB4N-DN25
11GHD42-BR003-HB4N-DN25
11GHD42-BR004-HB4N-DN25
11QEB74-BR005-HC3N-DN25
11QEB74-BR006-HC3N-DN15

VALVE NO,중복
11LAB61-AA402
11LAB61-AA401
11LAB61-AA312
11LAB61-AA310
11LAB61-AA313
11LAB61-AA311
11LAB61-AA308
11LAB61-AA306
11LAB61-AA309
11LAB61-AA307
11LAB61-AA101
11LBA61-AA304
11LAB61-AA103
11LAB61-AA102
11LAB61-AA404
11LAB61-AA403
11LAB61-AA406
11LAB61-AA405
11LBA61AA302
11HAC20-AA501
11LBA61-AA303
11LAB63-AA101
11LAB61-AA011
11LAB61-AA012
11LAB61-AA013
11LAB62-AA201
11LBA61-AA305
11HAC10-AA501
11HAC10-AA502
11HAC10-AA503
11HAC10-AA504
11HAC10-AA505
11HAC10-AA506
11HAC10-AA507
11HAC10-AA508
11HAC10-AA509
11HAC10-AA401
11HAC10-AA402
11HAC10-AA403
11HAC10-AA404
11HAC10-AA405
11HAC10-AA406
11HAC10-AA407
11HAC10-AA409
11HAC10-AA410
11HAC10-AA411
11HAC10-AA413
11LAB63-AA001
11LAB63-AA401
11LAB63-AA402
11LAB63-AA002
11HAC10-AA408
11LAB63-AA003
11HAC10-AA301
11HAC10-AA302
11LAB61-AA301
11HAC10-AA416
11HAC10-AA511
11LAB62-AA101
11HAC10-AA510
11HAC10-AA412
11LAB61-AA104
11LAB61-AA105
11LAB61-AA106
11LAB61-AA014
11LAB62-AA102
11LAB62-AA401
11LAB62-AA402
11LAB62-AA502
11LAB62-AA501
11LAB61-AA317
11LAB61-AA316
11LAB61-AA315
11LAB61-AA314
11LAB61-AA319
11LAB61-AA318
11LAB62-AA323
11LAB62-AA322
11LAB62-AA321
11LAB62-AA320
11LAB62-AA325
11LAB62-AA324
11LAB61-AA107
11LAB61-AA108
11LAB61-AA109
11HAD10-AA327
11HAD10-AA325
11HAD10-AA324
11HAD10-AA322
11HAD10-AA321
11HAD10-AA323
11HAD10-AA328
11HAD10-AA326
11HAD10-AA315
11HAD10-AA316
11HAD10-AA313
11HAD10-AA314
11HAD10-AA319
11HAD10-AA320
11HAD10-AA317
11HAD10-AA318
11HAD10-AA408
11HAD10-AA402
11HAD10-AA403
11HAD10-AA404
11HAD10-AA303
11HAD10-AA304
11HAD10-AA301
11HAD10-AA302
11HAD10-AA305
11HAD10-AA306
11HAD10-AA307
11HAD10-AA308
11HAD10-AA192
11HAD10-AA191
11QCC10-AA001
11QCC10-AA201
11QCC10-AA002
11QJA10-AA001
11QJA10-AA201
11HAD10-AA501
11HAD10-AA502
11HAD10-AA416
11HAD10-AA102
11HAD10-AA415
11HAD10-AA101
11QUW10-AA001
11QUW10-AA002
11QUB10-AA001
11QUB10-AA002
11HAD10-AA405
11HAD10-AA331
11HAD10-AA332
11HAD10-AA329
11HAD10-AA330
11HAD10-AA311
11HAD10-AA312
11HAD10-AA309
11HAD10-AA310
11HAD10-AA406
11HAD10-AA401
11HAD10-AA407
11HAH10-AA401
11HAH10-AA101
11LAE30-AA201
11LAE10-AA002
11LAE10-AA102
11LAE10-AA403
11LAE10-AA307
11LAE10-AA305
11LAE10-AA308
11LAE10-AA306
11LAE10-AA304
11LAE10-AA302
11LAE10-AA303
11LAE10-AA301
11LAE10-AA404
11LBA10-AA402
11LBA10-AA401
11LBA10-AA103
11LAE10-AA101
11LBA10-AA421
11LBA10-AA124
11LAE10-AA401
11LAE10-AA402
11HAH10-AA502
11HAH10-AA501
11LBA10-AA403
11LBA10-AA422
11LBA10-AA423
11QUB20-AA001
11QUB20-AA002
11LBA10-AA309
11LBA10-AA310
11LBA10-AA311
11LAE40-AA003
11LAE40-AA403
11LAE40-AA404
11LAE40-AA002
11LAE40-AA102
11LAE40-AA001
11LAE40-AA307
11LAE40-AA308
11LAE40-AA306
11LAE40-AA305
11LAE40-AA302
11LAE40-AA301
11LAE40-AA304
11LAE40-AA303
11LAE40-AA401
11LAE40-AA402
11LAE40-AA101
11LAE60-AA201
11LBA10-AA201
11LBA10-AA102
11LBA10-AA103
11LAE10-AA001
11LBA10-AA404
11LBA10-AA405
11LAB61-AA314
11LAB61-AA315
11LAB61-AA312
11LAB61-AA313
11LAE10-AA003
11LBA10-AA191
11LBA10-AA501
11LBA10-AA502
11LAB61-AA303
11LAB61-AA301
11LAB61-AA304
11LAB61-AA302
11LAB61-AA306
11LAB61-AA305
11LAB61-AA308
11LAB61-AA307
11LBA10-AA411
11LBA10-AA104
11LBA10-AA412
11LBA10-AA413
11HAH10-AA407
11HAH10-AA104
11HAH10-AA405
11HAH10-AA406
11LAE50-AA401
11LAE50-AA402
11LBA10-AA192
11LBA10-AA511
11LBA10-AA316
11LBA10-AA317
11QUB30-AA001
11QUB30-AA002
11LBC10-AA302
11LBC10-AA303
11LBC10-AA304
11LBC10-AA305
11LAF30-AA201
11HAJ10-AA403
11HAJ10-AA102
11HAJ10-AA402
11HAJ10-AA401
11LAF10-AA002
11LAF10-AA104
11LAF10-AA403
11LAF10-AA001
11LAF10-AA307
11LAF10-AA305
11LAF10-AA308
11LAF10-AA306
11LAF10-AA304
11LAF10-AA302
11LAF10-AA303
11LAF10-AA301
11LAF10-AA404
11LAF10-AA101
11LAF10-AA401
11LAF10-AA402
11HAJ20-AA402
11HAJ20-AA401
11HAJ20-AA403
11HAJ20-AA101
11LBB10-AA303
11LBB10-AA301
11LBB10-AA304
11LBB10-AA302
11LBB10-AA306
11LBB10-AA305
11LBB10-AA308
11LBB10-AA307
11LBB10-AA401
11LBB10-AA104
11LBC10-AA301
11LBC10-AA192
11LBC10-AA191
11LBB10-AA191
11LBB10-AA309
11LBB10-AA310
11LBB10-AA312
11LBB10-AA313
11LBB10-AA311
11LBB10-AA402
11LBB10-AA403
11HAJ10-AA502
11HAJ10-AA501
11LAF40-AA003
11LAF40-AA403
11LAF40-AA404
11LAF40-AA002
11LAF40-AA102
11LAF40-AA001
11LAF40-AA307
11LAF40-AA308
11LAF40-AA306
11LAF40-AA305
11LAF40-AA302
11LAF40-AA301
11LAF40-AA304
11LAF40-AA303
11LAF40-AA401
11LAF40-AA402
11LAF40-AA101
11LAF60-AA201
11LAF10-AA003
11LBC10-AA101
11LBB10-AA102
11LBB10-AA103
11LBC10-AA501
11LBC10-AA502
11LBB10-AA504
11LBB10-AA502
11LBB10-AA501
11LBB10-AA503
11LAF20-AA402
11LAF20-AA401
11LBB10-AA314
11LBB10-AA315
11LBB10-AA316
11LBB10-AA317
11LBB10-AA511
11LBB10-AA192
11HAC30-AA502
11HAC30-AA401
11HAC30-AA402
11LAB65-AA201
11LAB65-AA101
11LAB65-AA302
11LAB65-AA301
11LAB65-AA304
11LAB65-AA305
11LAB65-AA191
11HAC30-AA403
11HAC30-AA404
11HAC30-AA405
11HAC30-AA504
11HAC30-AA413
11HAC30-AA412
11HAC30-AA101
11HAC30-AA410
11HAC30-AA002
11HAC30-AA102
11HAC30-AA004
11HAC30-AA303
11HAC30-AA305
11HAC30-AA304
11HAC30-AA306
11HAC30-AA310
11HAC30-AA309
11HAC30-AA308
11HAC30-AA307
11HAC-AA302
11HAC30-AA301
11HAC30-AA411
11HAC30-AA503
11HAC30-AA501
11LAB65-AA303
11LAB65-AA501
11LAB65-AA502
11HAC30-AA103
11HAC30-AA104
11HAC30-AA005
11HAC30-AA201
11HAC30-AA011
11HAC30-AA012
11HAD20-AA319
11HAD20-AA317
11HAD20-AA320
11HAD20-AA318
11HAD20-AA327
11HAD20-AA325
11HAD20-AA324
11HAD20-AA322
11HAD20-AA321
11HAD20-AA323
11HAD20-AA328
11HAD20-AA326
11HAD20-AA315
11HAD20-AA316
11HAD20-AA313
11HAD20-AA314
11HAD20-AA401
11HAD20-AA402
11HAD20-AA403
11HAD20-AA404
11HAD20-AA307
11HAD20-AA308
11HAD20-AA192
11HAD20-AA191
11QCC20-AA001
11QCC20-AA201
11QCC20-AA002
11QJA20-AA001
11QJA20-AA201
11HAD20-AA501
11HAD20-AA502
11HAD20-AA416
11HAD20-AA102
11HAD20-AA415
11HAD20-AA101
11QUW20-AA001
11QUW20-AA002
11QUB40-AA001
11QUB40-AA002
11HAD20-AA405
11HAD20-AA331
11HAD20-AA332
11HAD20-AA329
11HAD20-AA330
11HAD20-AA303
11HAD20-AA304
11HAD20-AA301
11HAD20-AA302
11HAD20-AA305
11HAD20-AA306
11HAD20-AA311
11HAD20-AA312
11HAD20-AA309
11HAD20-AA310
11HAD10-AA408
11HAD10-AA406
11HAD10-AA407
11LBA20-AA401
11LBA20-AA102
11LBA20-AA501
11LBA20-AA191
11QUB50-AA001
11QUB50-AA002
11LBA20-AA302
11LBA20-AA303
11LBA20-AA307
11LBA20-AA306
11LBA20-AA310
11LBA20-AA308
11LBA20-AA311
11LBA20-AA309
11LBA20-AA313
11LBA20-AA312
11LBA20-AA315
11LBA20-AA314
11LBA20-AA103
11LBA20-AA201
11LBA20-AA404
11LBA20-AA104
11LBA20-AA406
11LBA20-AA405
11LBA20-AA301
11LBA20-AA101
11LBA20-AA403
11LBA20-AA402
11LBA20-AA305
11LBA20-AA304
11LBA20-AA102
11LAE20-AA411
11LBA20-AA412
11LBA20-AA316
11LBA20-AA317
11LBA20-AA511
11LBA20-AA192
11LAB66-AA403
11LAB66-AA101
11LAB66-AA401
11LAB66-AA002
11LAB66-AA102
11LAB66-AA004
11HAD30-AA313
11HAD30-AA314
11HAD30-AA317
11HAD30-AA318
11HAD30-AA316
11HAD30-AA315
11HAD30-AA311
11HAD30-AA312
11HAD30-AA402
11HAD30-AA301
11HAD30-AA192
11QJA30-AA001
11QJA30-AA201
11HAD30-AA501
11QUB60-AA001
11LAB01-AA001
11QUW30-AA001
11LAB66-AA404
11LAB66-AA402
11HAD30-AA191
11LAA10-AA002
11LAA10-AA001
11LAA10-AA003
11HAD30-AA410
11HAD30-AA101
11HAD30-AA302
11HAD30-AA303
11HAD30-AA304
11HAD30-AA403
11LCQ10-AA201
11LCQ10-AA501
11LCQ10-AA511
11LAA10-AA501
11LBC10-AA102
11LBC10-AA401
11LBC10-AA003
11LBC10-AA001
11LBC10-AA002
11LBC10-AA402
11HAD30-AA309
11HAD30-AA310
11HAD30-AA401
11HAD30-AA319
11HAD30-AA320
11HAD30-AA404
11HAD30-AA405
11LAB66-AA501
11LAB66-AA103
11LAB66-AA104
11LAB66-AA004
AA012
11LBA30-AA105
11LBA30AA191
11QUB70-AA001
11LBA30-AA306
11LBA30-AA307
11LBA30-AA308
11LBA30-AA309
11LBA30-AA311
11LBA30-AA310
11LBA30-AA403
11LBA30-AA103
11LBA30-AA404
11LBA30-AA316
11LBA30-AA317
11LBA30-AA315
11LBA30-AA314
11LBA30-AA305
11LBA30-AA102
11LBA30-AA402
11LBA30-AA303
11LBA30-AA304
11LBA30-AA302
11LBA30-AA301
11LBA30-AA401
11LBA30-AA101
11LBA30-AA104
11LBA30-AA201
11LBA30-AA409
11LBA30-AA322
11LBA30-AA501
11LBA30-AA407
11LBA30-AA106
11LBA30-AA320
11LBA30-AA321
11LBA30-AA319
11LBA30-AA318
11LBA30-AA408
11LBA30-AA323
11LBA30-AA324
11LBA30-AA511
11LBA30-AA192
11LCA20-AA201
11LCA10-AA101
11LCA20-AA303
11LCA20-AA301
11LCA20-AA305
11LCA20-AA307
11LCA20-AA313
11LCA20-AA191
11LCB30-AA101
11LCB30-AA401
11LCB30-AA002
11LCB30-AA001
11LCB30-AA003
11LCC10-AA408
11LCC10-AA406
11LCA20-AA103
11LCC10-AA503
11LCC10-AA504
11LCC10-AA502
11LCC10-AA501
11LCC10-AA507
11LCB10-AA301
11LCB10-AA303
11LCB10-AA305
11LCB20-AA303
11LCB20-AA301
11LCB10-AA311
11LCB10-AA002
11LCB10-AA001
11LCB20-AA202
11LCB20-AA002
11LCB20-AA201
11LCB20-AA001
11LCB20-AA401
11LCB30-AA301
11LCB30-AA303
11LCB30-AA307
11LCB30-AA305
11LCC10-AA405
11LCC10-AA404
11LCC10-AA403
11LCC10-AA402
11LCC10-AA401
11LCB10-AA401
11LCB10-AA403
11LCA20-AA101
11LCA20-AA102
11LCB10-AA405
11LCB10-AA407
11LCB20-AA403
11LCB10-AA307
11LCB10-AA309
11LCB20-AA503
11LCB20-AA504
11LCB20-AA501
11LCB20-AA502
11LCA20-AA311
11LCA20-AA310
11LCA20-AA401
11LCA20-AA001
11LCA20-AA002
11LCC10-AA407
11LCC10-AA505
11LCC10-AA506
11LCB50-AA101
11LCA20-AA302
11LCA20-AA304
11LCA20-AA308
11LCA20-AA306
11LCA20-AA312
11LCA20-AA314
11LCA20-AA402
11LCB30-AA402
11LCB10-AA402
11LCB10-AA404
11LCB10-AA406
11LCB10-AA408
11LCB10-AA302
11LCB10-AA304
11LCB10-AA306
11LCB10-AA308
11LCB10-AA310
11LCB10-AA312
11LCB10-AA302
11LCB10-AA304
11LCB20-AA402
11LCB20-AA404
11LCB30-AA302
11LCB30-AA304
11LCB30-AA306
11LCB30-AA308
11LCB30-AA502
11LCB30-AA501
11LCA20-AA411
11LCA20-AA412
11LCQ10AA307
11LCQ10-AA301
11LCQ10-AA302
11LCQ10-AA303
11LCQ10-AA304
11LCQ10-AA305
11LCQ10-AA306
11LCQ10-AA191
11LCQ20-AA701
11LCQ20-AA702
11LCQ10-AA101
11LCQ10-AA001
11LCQ10-AA002
11LCQ10-AA003
11LCQ10-AA411
11LCQ20-AA707
11LCQ20-AA703
11LCQ20-AA704
11LCQ20-AA705
11LCQ20-AA706
11LCQ10-AA401
11LCQ20-AA401
11LCQ30-AA405
11LCQ30-AA003
11LCQ30-AA313
11LCQ20-AA314
11LCQ30-AA315
11LCQ40-AA403
11LCQ40-AA314
11LCQ40-AA202
11LCQ40-AA004
11LCQ30-AA001
11LCQ30-AA401
11LCQ30-AA310
11LCQ30-AA311
11LCQ30-AA312
11LCQ40-AA313
11LCQ40-AA201
11LCQ40-AA002
11LCQ40-AA401
11LCQ40-AA317
11LCQ40-AA318
11LCQ30-AA406
11LCQ30-AA402
11HNA10-AA710
11HNA10-AA304
11HNA10-AA730
11HNA10-AA750
11HNA10-AA760
11HNA10-AA303
11HNA10-AA302
11HNA10-AA301
11HNA10-AA308
11HNA10-AA307
11HNE10AA001
11HNA10-AA306
11HNA10-AA305
11HNA10-AA341
11HNA10-AA340
11PGB41-AA010
11PGB41-AA014
11PGB41-AA013
11QFB72-AA001
11QFB72-AA002
11QFB72-AA003
11QFB72-AA004
11QFB72-AA005
11QFB72-AA006
11QFB72-AA008
11QFB72-AA011
11QFB72-AA013
11QFB72-AA014
11QFB72-AA015
11QFB72-AA016
11QFB72-AA018
11QFB72-AA019
11QFB72-AA020
11QFB72-AA012
11PGB41-AA018
11PGB41-AA022
11PGB41-AA017
11PGB41-AA021
11PGB41-AA025
11PGB71-AA401
11PGB72-AA401
11QFB72-AA009
11PGB41-AA193
11PGB41-AA011
11PGB41-AA012
11PGB41-AA015
11PGB41-AA016
11PGB41-AA019
11PGB41-AA020
11PGB41-AA023
11PGB41-AA024
11PGB41-AA194
11PGB41-AA195
11PGB41-AA196
11PGB41-AA001
11PGB41-AA007
11PGB41-AA191
11PGB41-AA192
11PGB41-AA003
11PGB41-AA004
11PGB41-AA005
11PGB41-AA006
11PGB41-AA002
11LAB61-AA101
11LAB61-AA102
11LAB61-AA103
11LAB63-AA101
11LAE10-AA102
11LAE40-AA102
11LAF10-AA104
11LAF40-AA102
11HAC30-AA101
11HAC30-AA102
11LBA20-AA102
11LAB66-AA101
11LAB66-AA102
11LBC10-AA102
11LCA20-AA103
11LCB30-AA101
11LCQ10-AA101
11QFB72-AA041
11QFB72-AA042
11QFB72-AA043
11QFB72-AA044
11LBA10-AA192
11LBB10-AA192
11LBB20-AA192
11LBB30-AA192
11QFB74-AA001
11QFB74-AA002
11QFB74-AA003
11QFB74-AA004
11QFB74-AA005
11GHD42-AA001
11GHD42-AA002
11GHD42-AA003
11GHD42-AA004

SPECIAL NO,중복
11LAE10AT001
AT001
11LAF10AT001
AT001
11LCB10AT001
11LCB10AT011
11LCQ30AT011
11LCQ30AT001
