VALVE NO,중복
11GHD42-AA001,
11GHD42-AA002,
11GHD42-AA003,
11GHD42-AA004,
11HAC10-AA301,
11HAC10-AA302,
11HAC10-AA401,
11HAC10-AA402,
11HAC10-AA403,
11HAC10-AA404,
11HAC10-AA405,
11HAC10-AA406,
11HAC10-AA407,
11HAC10-AA408,
11HAC10-AA409,
11HAC10-AA410,
11HAC10-AA411,
11HAC10-AA412,
11HAC10-AA413,
11HAC10-AA416,
11HAC10-AA501,
11HAC10-AA502,
11HAC10-AA503,
11HAC10-AA504,
11HAC10-AA505,
11HAC10-AA506,
11HAC10-AA507,
11HAC10-AA508,
11HAC10-AA509,
11HAC10-AA510,
11HAC10-AA511,
11HAC20-AA501,
11HAC30-AA002,
11HAC30-AA004,
11HAC30-AA005,
11HAC30-AA011,
11HAC30-AA012,
11HAC30-AA101,중복
11HAC30-AA101,중복
11HAC30-AA102,중복
11HAC30-AA102,중복
11HAC30-AA103,
11HAC30-AA104,
11HAC30-AA201,
11HAC30-AA301,
11HAC30-AA303,
11HAC30-AA304,
11HAC30-AA305,
11HAC30-AA306,
11HAC30-AA307,
11HAC30-AA308,
11HAC30-AA309,
11HAC30-AA310,
11HAC30-AA401,
11HAC30-AA402,
11HAC30-AA403,
11HAC30-AA404,
11HAC30-AA405,
11HAC30-AA410,
11HAC30-AA411,
11HAC30-AA412,
11HAC30-AA413,
11HAC30-AA501,
11HAC30-AA502,
11HAC30-AA503,
11HAC30-AA504,
11HAC-AA302,
11HAD10-AA101,
11HAD10-AA102,
11HAD10-AA191,
11HAD10-AA192,
11HAD10-AA301,
11HAD10-AA302,
11HAD10-AA303,
11HAD10-AA304,
11HAD10-AA305,
11HAD10-AA306,
11HAD10-AA307,
11HAD10-AA308,
11HAD10-AA309,
11HAD10-AA310,
11HAD10-AA311,
11HAD10-AA312,
11HAD10-AA313,
11HAD10-AA314,
11HAD10-AA315,
11HAD10-AA316,
11HAD10-AA317,
11HAD10-AA318,
11HAD10-AA319,
11HAD10-AA320,
11HAD10-AA321,
11HAD10-AA322,
11HAD10-AA323,
11HAD10-AA324,
11HAD10-AA325,
11HAD10-AA326,
11HAD10-AA327,
11HAD10-AA328,
11HAD10-AA329,
11HAD10-AA330,
11HAD10-AA331,
11HAD10-AA332,
11HAD10-AA401,
11HAD10-AA402,
11HAD10-AA403,
11HAD10-AA404,
11HAD10-AA405,
11HAD10-AA406,중복
11HAD10-AA406,중복
11HAD10-AA407,중복
11HAD10-AA407,중복
11HAD10-AA408,중복
11HAD10-AA408,중복
11HAD10-AA415,
11HAD10-AA416,
11HAD10-AA501,
11HAD10-AA502,
11HAD20-AA101,
11HAD20-AA102,
11HAD20-AA191,
11HAD20-AA192,
11HAD20-AA301,
11HAD20-AA302,
11HAD20-AA303,
11HAD20-AA304,
11HAD20-AA305,
11HAD20-AA306,
11HAD20-AA307,
11HAD20-AA308,
11HAD20-AA309,
11HAD20-AA310,
11HAD20-AA311,
11HAD20-AA312,
11HAD20-AA313,
11HAD20-AA314,
11HAD20-AA315,
11HAD20-AA316,
11HAD20-AA317,
11HAD20-AA318,
11HAD20-AA319,
11HAD20-AA320,
11HAD20-AA321,
11HAD20-AA322,
11HAD20-AA323,
11HAD20-AA324,
11HAD20-AA325,
11HAD20-AA326,
11HAD20-AA327,
11HAD20-AA328,
11HAD20-AA329,
11HAD20-AA330,
11HAD20-AA331,
11HAD20-AA332,
11HAD20-AA401,
11HAD20-AA402,
11HAD20-AA403,
11HAD20-AA404,
11HAD20-AA405,
11HAD20-AA415,
11HAD20-AA416,
11HAD20-AA501,
11HAD20-AA502,
11HAD30-AA101,
11HAD30-AA191,
11HAD30-AA192,
11HAD30-AA301,
11HAD30-AA302,
11HAD30-AA303,
11HAD30-AA304,
11HAD30-AA309,
11HAD30-AA310,
11HAD30-AA311,
11HAD30-AA312,
11HAD30-AA313,
11HAD30-AA314,
11HAD30-AA315,
11HAD30-AA316,
11HAD30-AA317,
11HAD30-AA318,
11HAD30-AA319,
11HAD30-AA320,
11HAD30-AA401,
11HAD30-AA402,
11HAD30-AA403,
11HAD30-AA404,
11HAD30-AA405,
11HAD30-AA410,
11HAD30-AA501,
11HAH10-AA101,
11HAH10-AA104,
11HAH10-AA401,
11HAH10-AA405,
11HAH10-AA406,
11HAH10-AA407,
11HAH10-AA501,
11HAH10-AA502,
11HAJ10-AA102,
11HAJ10-AA401,
11HAJ10-AA402,
11HAJ10-AA403,
11HAJ10-AA501,
11HAJ10-AA502,
11HAJ20-AA101,
11HAJ20-AA401,
11HAJ20-AA402,
11HAJ20-AA403,
11HNA10-AA301,
11HNA10-AA302,
11HNA10-AA303,
11HNA10-AA304,
11HNA10-AA305,
11HNA10-AA306,
11HNA10-AA307,
11HNA10-AA308,
11HNA10-AA340,
11HNA10-AA341,
11HNA10-AA710,
11HNA10-AA730,
11HNA10-AA750,
11HNA10-AA760,
11HNE10AA001,
11LAA10-AA001,
11LAA10-AA002,
11LAA10-AA003,
11LAA10-AA501,
11LAB01-AA001,
11LAB61-AA011,
11LAB61-AA012,
11LAB61-AA013,
11LAB61-AA014,
11LAB61-AA101,중복
11LAB61-AA101,중복
11LAB61-AA102,중복
11LAB61-AA102,중복
11LAB61-AA103,중복
11LAB61-AA103,중복
11LAB61-AA104,
11LAB61-AA105,
11LAB61-AA106,
11LAB61-AA107,
11LAB61-AA108,
11LAB61-AA109,
11LAB61-AA301,중복
11LAB61-AA301,중복
11LAB61-AA302,
11LAB61-AA303,
11LAB61-AA304,
11LAB61-AA305,
11LAB61-AA306,중복
11LAB61-AA306,중복
11LAB61-AA307,중복
11LAB61-AA307,중복
11LAB61-AA308,중복
11LAB61-AA308,중복
11LAB61-AA309,
11LAB61-AA310,
11LAB61-AA311,
11LAB61-AA312,중복
11LAB61-AA312,중복
11LAB61-AA313,중복
11LAB61-AA313,중복
11LAB61-AA314,중복
11LAB61-AA314,중복
11LAB61-AA315,중복
11LAB61-AA315,중복
11LAB61-AA316,
11LAB61-AA317,
11LAB61-AA318,
11LAB61-AA319,
11LAB61-AA401,
11LAB61-AA402,
11LAB61-AA403,
11LAB61-AA404,
11LAB61-AA405,
11LAB61-AA406,
11LAB62-AA101,
11LAB62-AA102,
11LAB62-AA201,
11LAB62-AA320,
11LAB62-AA321,
11LAB62-AA322,
11LAB62-AA323,
11LAB62-AA324,
11LAB62-AA325,
11LAB62-AA401,
11LAB62-AA402,
11LAB62-AA501,
11LAB62-AA502,
11LAB63-AA001,
11LAB63-AA002,
11LAB63-AA003,
11LAB63-AA101,중복
11LAB63-AA101,중복
11LAB63-AA401,
11LAB63-AA402,
11LAB65-AA101,
11LAB65-AA191,
11LAB65-AA201,
11LAB65-AA301,
11LAB65-AA302,
11LAB65-AA303,
11LAB65-AA304,
11LAB65-AA305,
11LAB65-AA501,
11LAB65-AA502,
11LAB66-AA002,
11LAB66-AA004,중복
11LAB66-AA004,중복
11LAB66-AA101,중복
11LAB66-AA101,중복
11LAB66-AA102,중복
11LAB66-AA102,중복
11LAB66-AA103,
11LAB66-AA104,
11LAB66-AA401,
11LAB66-AA402,
11LAB66-AA403,
11LAB66-AA404,
11LAB66-AA501,
11LAE10-AA001,
11LAE10-AA002,
11LAE10-AA003,
11LAE10-AA101,
11LAE10-AA102,중복
11LAE10-AA102,중복
11LAE10-AA301,
11LAE10-AA302,
11LAE10-AA303,
11LAE10-AA304,
11LAE10-AA305,
11LAE10-AA306,
11LAE10-AA307,
11LAE10-AA308,
11LAE10-AA401,
11LAE10-AA402,
11LAE10-AA403,
11LAE10-AA404,
11LAE20-AA411,
11LAE30-AA201,
11LAE40-AA001,
11LAE40-AA002,
11LAE40-AA003,
11LAE40-AA101,
11LAE40-AA102,중복
11LAE40-AA102,중복
11LAE40-AA301,
11LAE40-AA302,
11LAE40-AA303,
11LAE40-AA304,
11LAE40-AA305,
11LAE40-AA306,
11LAE40-AA307,
11LAE40-AA308,
11LAE40-AA401,
11LAE40-AA402,
11LAE40-AA403,
11LAE40-AA404,
11LAE50-AA401,
11LAE50-AA402,
11LAE60-AA201,
11LAF10-AA001,
11LAF10-AA002,
11LAF10-AA003,
11LAF10-AA101,
11LAF10-AA104,중복
11LAF10-AA104,중복
11LAF10-AA301,
11LAF10-AA302,
11LAF10-AA303,
11LAF10-AA304,
11LAF10-AA305,
11LAF10-AA306,
11LAF10-AA307,
11LAF10-AA308,
11LAF10-AA401,
11LAF10-AA402,
11LAF10-AA403,
11LAF10-AA404,
11LAF20-AA401,
11LAF20-AA402,
11LAF30-AA201,
11LAF40-AA001,
11LAF40-AA002,
11LAF40-AA003,
11LAF40-AA101,
11LAF40-AA102,중복
11LAF40-AA102,중복
11LAF40-AA301,
11LAF40-AA302,
11LAF40-AA303,
11LAF40-AA304,
11LAF40-AA305,
11LAF40-AA306,
11LAF40-AA307,
11LAF40-AA308,
11LAF40-AA401,
11LAF40-AA402,
11LAF40-AA403,
11LAF40-AA404,
11LAF60-AA201,
11LBA10-AA102,
11LBA10-AA103,중복
11LBA10-AA103,중복
11LBA10-AA104,
11LBA10-AA124,
11LBA10-AA191,
11LBA10-AA192,중복
11LBA10-AA192,중복
11LBA10-AA201,
11LBA10-AA309,
11LBA10-AA310,
11LBA10-AA311,
11LBA10-AA316,
11LBA10-AA317,
11LBA10-AA401,
11LBA10-AA402,
11LBA10-AA403,
11LBA10-AA404,
11LBA10-AA405,
11LBA10-AA411,
11LBA10-AA412,
11LBA10-AA413,
11LBA10-AA421,
11LBA10-AA422,
11LBA10-AA423,
11LBA10-AA501,
11LBA10-AA502,
11LBA10-AA511,
11LBA20-AA101,
11LBA20-AA102,중복
11LBA20-AA102,중복
11LBA20-AA102,중복
11LBA20-AA103,
11LBA20-AA104,
11LBA20-AA191,
11LBA20-AA192,
11LBA20-AA201,
11LBA20-AA301,
11LBA20-AA302,
11LBA20-AA303,
11LBA20-AA304,
11LBA20-AA305,
11LBA20-AA306,
11LBA20-AA307,
11LBA20-AA308,
11LBA20-AA309,
11LBA20-AA310,
11LBA20-AA311,
11LBA20-AA312,
11LBA20-AA313,
11LBA20-AA314,
11LBA20-AA315,
11LBA20-AA316,
11LBA20-AA317,
11LBA20-AA401,
11LBA20-AA402,
11LBA20-AA403,
11LBA20-AA404,
11LBA20-AA405,
11LBA20-AA406,
11LBA20-AA412,
11LBA20-AA501,
11LBA20-AA511,
11LBA30-AA101,
11LBA30-AA102,
11LBA30-AA103,
11LBA30-AA104,
11LBA30-AA105,
11LBA30-AA106,
11LBA30-AA192,
11LBA30-AA201,
11LBA30-AA301,
11LBA30-AA302,
11LBA30-AA303,
11LBA30-AA304,
11LBA30-AA305,
11LBA30-AA306,
11LBA30-AA307,
11LBA30-AA308,
11LBA30-AA309,
11LBA30-AA310,
11LBA30-AA311,
11LBA30-AA314,
11LBA30-AA315,
11LBA30-AA316,
11LBA30-AA317,
11LBA30-AA318,
11LBA30-AA319,
11LBA30-AA320,
11LBA30-AA321,
11LBA30-AA322,
11LBA30-AA323,
11LBA30-AA324,
11LBA30-AA401,
11LBA30-AA402,
11LBA30-AA403,
11LBA30-AA404,
11LBA30-AA407,
11LBA30-AA408,
11LBA30-AA409,
11LBA30-AA501,
11LBA30-AA511,
11LBA30AA191,
11LBA61-AA303,
11LBA61-AA304,
11LBA61-AA305,
11LBA61AA302,
11LBB10-AA102,
11LBB10-AA103,
11LBB10-AA104,
11LBB10-AA191,
11LBB10-AA192,중복
11LBB10-AA192,중복
11LBB10-AA301,
11LBB10-AA302,
11LBB10-AA303,
11LBB10-AA304,
11LBB10-AA305,
11LBB10-AA306,
11LBB10-AA307,
11LBB10-AA308,
11LBB10-AA309,
11LBB10-AA310,
11LBB10-AA311,
11LBB10-AA312,
11LBB10-AA313,
11LBB10-AA314,
11LBB10-AA315,
11LBB10-AA316,
11LBB10-AA317,
11LBB10-AA401,
11LBB10-AA402,
11LBB10-AA403,
11LBB10-AA501,
11LBB10-AA502,
11LBB10-AA503,
11LBB10-AA504,
11LBB10-AA511,
11LBB20-AA192,
11LBB30-AA192,
11LBC10-AA001,
11LBC10-AA002,
11LBC10-AA003,
11LBC10-AA101,
11LBC10-AA102,중복
11LBC10-AA102,중복
11LBC10-AA191,
11LBC10-AA192,
11LBC10-AA301,
11LBC10-AA302,
11LBC10-AA303,
11LBC10-AA304,
11LBC10-AA305,
11LBC10-AA401,
11LBC10-AA402,
11LBC10-AA501,
11LBC10-AA502,
11LCA10-AA101,
11LCA20-AA001,
11LCA20-AA002,
11LCA20-AA101,
11LCA20-AA102,
11LCA20-AA103,중복
11LCA20-AA103,중복
11LCA20-AA191,
11LCA20-AA201,
11LCA20-AA301,
11LCA20-AA302,
11LCA20-AA303,
11LCA20-AA304,
11LCA20-AA305,
11LCA20-AA306,
11LCA20-AA307,
11LCA20-AA308,
11LCA20-AA310,
11LCA20-AA311,
11LCA20-AA312,
11LCA20-AA313,
11LCA20-AA314,
11LCA20-AA401,
11LCA20-AA402,
11LCA20-AA411,
11LCA20-AA412,
11LCB10-AA001,
11LCB10-AA002,
11LCB10-AA301,
11LCB10-AA302,중복
11LCB10-AA302,중복
11LCB10-AA303,
11LCB10-AA304,중복
11LCB10-AA304,중복
11LCB10-AA305,
11LCB10-AA306,
11LCB10-AA307,
11LCB10-AA308,
11LCB10-AA309,
11LCB10-AA310,
11LCB10-AA311,
11LCB10-AA312,
11LCB10-AA401,
11LCB10-AA402,
11LCB10-AA403,
11LCB10-AA404,
11LCB10-AA405,
11LCB10-AA406,
11LCB10-AA407,
11LCB10-AA408,
11LCB20-AA001,
11LCB20-AA002,
11LCB20-AA201,
11LCB20-AA202,
11LCB20-AA301,
11LCB20-AA303,
11LCB20-AA401,
11LCB20-AA402,
11LCB20-AA403,
11LCB20-AA404,
11LCB20-AA501,
11LCB20-AA502,
11LCB20-AA503,
11LCB20-AA504,
11LCB30-AA001,
11LCB30-AA002,
11LCB30-AA003,
11LCB30-AA101,중복
11LCB30-AA101,중복
11LCB30-AA301,
11LCB30-AA302,
11LCB30-AA303,
11LCB30-AA304,
11LCB30-AA305,
11LCB30-AA306,
11LCB30-AA307,
11LCB30-AA308,
11LCB30-AA401,
11LCB30-AA402,
11LCB30-AA501,
11LCB30-AA502,
11LCB50-AA101,
11LCC10-AA401,
11LCC10-AA402,
11LCC10-AA403,
11LCC10-AA404,
11LCC10-AA405,
11LCC10-AA406,
11LCC10-AA407,
11LCC10-AA408,
11LCC10-AA501,
11LCC10-AA502,
11LCC10-AA503,
11LCC10-AA504,
11LCC10-AA505,
11LCC10-AA506,
11LCC10-AA507,
11LCQ10-AA001,
11LCQ10-AA002,
11LCQ10-AA003,
11LCQ10-AA101,중복
11LCQ10-AA101,중복
11LCQ10-AA191,
11LCQ10-AA201,
11LCQ10-AA301,
11LCQ10-AA302,
11LCQ10-AA303,
11LCQ10-AA304,
11LCQ10-AA305,
11LCQ10-AA306,
11LCQ10-AA401,
11LCQ10-AA411,
11LCQ10-AA501,
11LCQ10-AA511,
11LCQ10AA307,
11LCQ20-AA314,
11LCQ20-AA401,
11LCQ20-AA701,
11LCQ20-AA702,
11LCQ20-AA703,
11LCQ20-AA704,
11LCQ20-AA705,
11LCQ20-AA706,
11LCQ20-AA707,
11LCQ30-AA001,
11LCQ30-AA003,
11LCQ30-AA310,
11LCQ30-AA311,
11LCQ30-AA312,
11LCQ30-AA313,
11LCQ30-AA315,
11LCQ30-AA401,
11LCQ30-AA402,
11LCQ30-AA405,
11LCQ30-AA406,
11LCQ40-AA002,
11LCQ40-AA004,
11LCQ40-AA201,
11LCQ40-AA202,
11LCQ40-AA313,
11LCQ40-AA314,
11LCQ40-AA317,
11LCQ40-AA318,
11LCQ40-AA401,
11LCQ40-AA403,
11PGB41-AA001,
11PGB41-AA002,
11PGB41-AA003,
11PGB41-AA004,
11PGB41-AA005,
11PGB41-AA006,
11PGB41-AA007,
11PGB41-AA010,
11PGB41-AA011,
11PGB41-AA012,
11PGB41-AA013,
11PGB41-AA014,
11PGB41-AA015,
11PGB41-AA016,
11PGB41-AA017,
11PGB41-AA018,
11PGB41-AA019,
11PGB41-AA020,
11PGB41-AA021,
11PGB41-AA022,
11PGB41-AA023,
11PGB41-AA024,
11PGB41-AA025,
11PGB41-AA191,
11PGB41-AA192,
11PGB41-AA193,
11PGB41-AA194,
11PGB41-AA195,
11PGB41-AA196,
11PGB71-AA401,
11PGB72-AA401,
11QCC10-AA001,
11QCC10-AA002,
11QCC10-AA201,
11QCC20-AA001,
11QCC20-AA002,
11QCC20-AA201,
11QFB72-AA001,
11QFB72-AA002,
11QFB72-AA003,
11QFB72-AA004,
11QFB72-AA005,
11QFB72-AA006,
11QFB72-AA008,
11QFB72-AA009,
11QFB72-AA011,
11QFB72-AA012,
11QFB72-AA013,
11QFB72-AA014,
11QFB72-AA015,
11QFB72-AA016,
11QFB72-AA018,
11QFB72-AA019,
11QFB72-AA020,
11QFB72-AA041,
11QFB72-AA042,
11QFB72-AA043,
11QFB72-AA044,
11QFB74-AA001,
11QFB74-AA002,
11QFB74-AA003,
11QFB74-AA004,
11QFB74-AA005,
11QJA10-AA001,
11QJA10-AA201,
11QJA20-AA001,
11QJA20-AA201,
11QJA30-AA001,
11QJA30-AA201,
11QUB10-AA001,
11QUB10-AA002,
11QUB20-AA001,
11QUB20-AA002,
11QUB30-AA001,
11QUB30-AA002,
11QUB40-AA001,
11QUB40-AA002,
11QUB50-AA001,
11QUB50-AA002,
11QUB60-AA001,
11QUB70-AA001,
11QUW10-AA001,
11QUW10-AA002,
11QUW20-AA001,
11QUW20-AA002,
11QUW30-AA001,
AA012,
