LINE NO,VALVE NO
21-BR-DNXXX-HBD1,11-AA101
22-BR-DNXXX-HBD1,22GHD10-AA081
22GHD10-BR001-DN50-HCD1,22GHD10-AA101
22GHD10-BR002-DN50-HCD1,22GHD10-AA102
22GHD10-BR003-DN50-HCD1,22GHD10-AA103
22GHD10-BR401-DN25-HCD1,22GHD10-AA301
22HAC10-BR001-DN200,22GHD10-AA401
22HAD10-BR001-DN250,22HAD10-AA191
22HAD10-BR191-DN300-HBD1,22HAD10-AA192
22HAD10-BR193-DN300-HBD1,22HAD10-AA301
22HAD10-BR411-DN300-HBD1,22HAD10-AA302
22HAD10-BR412-DN300-HBD1,22HAD10-AA303
22HAH10-BR001-DN250,22HAD10-AA304
22HAH10-BR002-DN250,22HAD10-AA305
22HAH10-BR011-DN25-BAH1,22HAD10-AA306
22HAH10-BR012-DN80-BAH1,22HAD10-AA307
22HAN10-BR001-DN50-HB1,22HAD10-AA308
22HAN10-BR001-DN50-HBD1,22HAD10-AA309
22HAN10-BR002-DN300-HB1,22HAD10-AA310
22HBK10-BR401-DN100,22HAD10-AA311
22HBK10-BR402-DN100,22HAD10-AA312
22HHA11-BR001-DN100-HBD1,22HAD10-AA313
22HHA12-BR001-DN100-HBD1,22HAD10-AA314
22HHA21-BR001-DN100-HBD1,22HAD10-AA315
22HHA22-BR001-DN100-HBD1,22HAD10-AA316
22HHG10-BR001-DN250-HBD1,22HAD10-AA317
22HHG10-BR003-DN350-HBD1,22HAD10-AA318
22HHG10-BR501-DN100-HBD1,22HAD10-AA319
22HHG11-BR001-DN100-HBD1,22HAD10-AA320
22HHG11-BR501-DN100-HBD1,22HAD10-AA321
22HHG12-BR001-DN100-HBD1,22HAD10-AA322
22HHG12-BR001-DN250-HBD1,22HAD10-AA323
22HHG12-BR501-DN100-HBD1,22HAD10-AA324
22HHG20-BR002-DN200-HBD1,22HAD10-AA325
22HHG20-BR003-DN350-HBD1,22HAD10-AA326
22HHG20-BR501-DN100-HBD1,22HAD10-AA402
22HHG21-BR001-DN100-HBD1,22HAD10-AA407
22HHG22-BR001-DN100-HBD1,22HAD10-AA502
22HHG22-BR501-DN100-HBD1,22HAD10-AA503
22HJG10-BR002-DN15-HBD1,22HAD10-AA504
22HJG10-BR003-DN15-HBD1,22HAD10-AA505
22HJG11-BR001-DN100-HBD1,22HAH10-AA406
22HJG11-BR001-DN15-HBD1,22HAH10-AA407
22HJG11-BR501-DN100-HBD1,22HAH10-AA408
22HJG11-BR501-DN15-HBD1,22HAN10-AA001
22HJG12-BR001-DN100-HBD1,22HBK10-AA301
22HJG12-BR001-DN15-HBD1,22HBK10-AA302
22HJG12-BR501-DN100-HBD1,22HBK10-AA303
22HJG21-BR001-DN100-HBD1,22HBK10-AA304
22HJG21-BR001-DN15-HBD1,22HHA11-AA001
22HJG21-BR501-DN100-HBD1,22HHA11-AA002
22HJG22-BR001-DN100-HBD1,22HHA11-AA003
22HJG22-BR001-DN15-HBD1,22HHA11-AA054
22HJG22-BR501-DN100-HBD1,22HHA11-AA301
22HLA10-BR001-DN100,22HHA12-AA004
22HLA10-BR002-DN100,22HHA12-AA005
22HLA10-BR401-DN100,22HHA12-AA006
22HNA10-BR001-DN100,22HHA12-AA054
22HNA10-BR401-DN100,22HHA12-AA301
22HNE10-BR402-DN100,22HHA21-AA001
22LAB20-BR001-DN200-CBD1,22HHA21-AA002
22LAB50-BR001-DNXXX-HBD1,22HHA21-AA003
22LBA10-BR002-DN250-BAH1,22HHA21-AA054
22LBA10-BR191-DN25-HBD1,22HHA21-AA301
22LBA10-BR402-DN50-GAD2,22HHA22-AA004
22LBA10-BR411-DN25-BAH1,22HHA22-AA005
22LBA10-BR421-DN25-BAH1,22HHA22-AA006
22LBA10-BR422-DN25-HBD1,22HHA22-AA054
22LCQ10-BR005-DN50-HBD1,22HHA22-AA301
22LCQ10-BR401-DN25-GBD1,22HHG10-AA051
22LCQ10-BR411-DN80-GBD1,22HHG10-AA052
22LCQ10-BR421-DN25-HBD1,22HHG10-AA081
22LCQ10-BR511-DN25-GBD1,22HHG10-AA101
22LCQ20-BR001-DN100-HB1,22HHG10-AA310
22LCQ20-BR012-DN25-HBD1,22HHG10-AA311
22LCQ20-BR013-DN25-HBD1,22HHG10-AA312
22LCQ20-BR021-DN50-HBD1,22HHG10-AA313
22LCQ20-BR022-DN50-HBD1,22HHG10-AA314
22LCQ20-BR023-DN50-HBD1,22HHG10-AA315
22LCQ20-BR024-DN50-HBD1,22HHG11-AA051
22LCQ20-BR031-DN50-HBD1,22HHG11-AA052
22LCQ20-BR411-DN15-HBD1,22HHG11-AA053
22LCQ20-BR412-DN15-HBD1,22HHG11-AA054
22LCQ20-BR501-DN300-HB1,22HHG11-AA101
22PGB10-BR001-DN50-HBD1,22HHG11-AA301
22PGB20-BR001-DN50-HBD1,22HHG12-AA051
22QEB10-BR001-DN25-HCD2,22HHG12-AA052
22QEB10-BR010-DN25-HCD2,22HHG12-AA053
22QEB10-BR011-DN25-HCD2,22HHG12-AA054
22QFB10-BR001-DN50-HCD2,22HHG12-AA101
22QFB10-BR010-DN50-HCD2,22HHG12-AA301
22QFB10-BR011-DN25-HCD2,22HHG20-AA051
22QFB11-BR001-DN50-HCD2,22HHG20-AA052
22QFB12-BR002-DN20-HCD2,22HHG20-AA081
22QFB12-BR003-DN20-HCD2,22HHG20-AA310
22QFB13-BR001-DN50-HCD2,22HHG20-AA311
22QFB13-BR002-DN20-HCD2,22HHG20-AA312
22QFB13-BR003-DN20-HCD2,22HHG20-AA313
22QFB14-BR001-DN20-HCD2,22HHG20-AA314
22QFB14-BR002-DN20-HCD2,22HHG20-AA315
22QFB15-BR001-DN20-HCD2,22HHG21-AA051
22QFB15-BR002-DN20-HCD2,22HHG21-AA052
22QUA10-BR602-DN15-CCD1,22HHG21-AA054
,22HHG21-AA101
,22HHG21-AA301
,22HHG22-AA051
,22HHG22-AA052
,22HHG22-AA053
,22HHG22-AA054
,22HHG22-AA101
,22HHG22-AA301
,22HJA11-AA301
,22HJA12-AA301
,22HJA21-AA301
,22HJA22-AA301
,22HJG10-AA051
,22HJG10-AA301
,22HJG11-AA051
,22HJG11-AA052
,22HJG11-AA053
,22HJG11-AA054
,22HJG11-AA101
,22HJG11-AA301
,22HJG12-AA051
,22HJG12-AA052
,22HJG12-AA053
,22HJG12-AA054
,22HJG12-AA101
,22HJG12-AA301
,22HJG21-AA051
,22HJG21-AA052
,22HJG21-AA053
,22HJG21-AA054
,22HJG21-AA101
,22HJG21-AA301
,22HJG22-AA051
,22HJG22-AA052
,22HJG22-AA053
,22HJG22-AA054
,22HJG22-AA101
,22HJG22-AA301
,22HLA10-AA301
,22HLA10-AA302
,22HLA10-AA303
,22HLA10-AA304
,22HLA10-AA305
,22HLA10-AA306
,22HLA10-AA307
,22HLA10-AA308
,22HLA10-AA309
,22HNA10-AA301
,22HNA10-AA302
,22LAE10-AA411
,22LBA10-AA102
,22LBA10-AA191
,22LCQ10-AA082
,22LCQ10-AA091
,22LCQ10-AA102
,22LCQ10-AA103
,22LCQ10-AA104
,22LCQ10-AA108
,22LCQ10-AA109
,22LCQ10-AA301
,22LCQ10-AA302
,22LCQ10-AA303
,22LCQ10-AA304
,22LCQ10-AA305
,22LCQ10-AA306
,22LCQ10-AA307
,22LCQ10-AA308
,22LCQ10-AA309
,22LCQ10-AA310
,22LCQ10-AA311
,22LCQ10-AA312
,22LCQ10-AA313
,22LCQ10-AA314
,22LCQ10-AA315
,22LCQ10-AA401
,22LCQ10-AA411
,22LCQ10-AA412
,22LCQ10-AA413
,22LCQ10-AA414
,22LCQ10-AA501
,22LCQ10-AA511
,22LCQ10-AA521
,22LCQ10-AA522
,22LCQ20-AA081
,22LCQ20-AA101
,22LCQ20-AA102
,22LCQ20-AA103
,22LCQ20-AA104
,22LCQ20-AA105
,22LCQ20-AA106
,22LCQ20-AA107
,22LCQ20-AA110
,22LCQ20-AA201
,22LCQ20-AA202
,22LCQ20-AA301
,22LCQ20-AA302
,22LCQ20-AA303
,22LCQ20-AA304
,22LCQ20-AA305
,22LCQ20-AA306
,22LCQ20-AA307
,22LCQ20-AA308
,22LCQ20-AA309
,22LCQ20-AA310
,22LCQ20-AA311
,22LCQ20-AA312
,22LCQ20-AA401
,22LCQ20-AA402
,22LCQ20-AA403
,22LCQ20-AA404
,22LCQ20-AA411
,22LCQ20-AA501
,22LCQ20-AA502
,22PGB10-AA101
,22PGB10-AA301
,22PGB20-AA101
,22PGB20-AA301
,22QEB10-AA001
,22QEB10-AA101
,22QEB10-AA301
,22QFB10-AA001
,22QFB10-AA101
,22QFB10-AA301
,22QFB10-AA302
,22QFB10-AA501
,22QFB11-AA001
,22QFB11-AA003
,22QFB11-AA008
,22QFB11-AA010
,22QFB11-AA012
,22QFB11-AA016
,22QFB11-AA017
,22QFB11-AA020
,22QFB11-AA021
,22QFB11-AA022
,22QFB11-AA023
,22QFB11-AA026
,22QFB11-AA027
,22QFB11-AA028
,22QFB12-AA001
,22QFB12-AA002
,22QFB12-AA003
,22QFB12-AA004
,22QFB12-AA005
,22QFB12-AA006
,22QFB14-AA001
,22QFB14-AA002
,22QFB14-AA003
,22QFB14-AA004
,22QFB14-AA005
,22QFB14-AA006
,22QFB15-AA001
,22QFB15-AA002
,22QFB15-AA003
,22QFB15-AA004
,22QFB15-AA005
,22QFB15-AA006
